"Microrregião IBGE";"2000";"2001";"2002";"2003";"2004";"2005";"2006";"2007";"2008";"2009";"2010";"2011";"2012";"2013";"2014";"2015";"2016";"2017";"2018";"2019";"2020";"2021"
"12001 CRUZEIRO DO SUL";105892;109043;112232;115428;118565;121758;124959;128094;131250;134337;137199;139452;141766;143984;146250;148539;150671;152778;154965;157132;159274;161394
"12002 TARAUACA";65472;66714;67971;69230;70466;71724;72986;74221;75465;76682;77809;78696;79609;80482;81376;82278;83117;83947;84810;85664;86508;87344
"12003 SENA MADUREIRA";38839;40254;41686;43122;44530;45963;47401;48809;50226;51612;52897;53908;54947;55943;56961;57989;58946;59892;60875;61847;62809;63762
"12004 RIO BRANCO";326830;337844;348981;360147;371110;382264;393451;404405;415433;426220;436218;444087;452177;459923;467841;475839;483289;490646;498297;505863;513351;520759
"12005 BRASILEIA";45139;46756;48391;50032;51641;53280;54922;56530;58149;59735;61202;62356;63546;64682;65845;67020;68114;69194;70318;71429;72528;73617
"27001 SERRANA DO SERTAO ALAGOANO";91009;91097;91183;91262;91335;91405;91476;91538;91601;91661;91717;91761;91799;91839;91877;91914;91948;91981;92019;92052;92087;92122
"27002 ALAGOANA DO SERTAO DO SAO FRANCISCO";71921;73167;74366;75500;76544;77541;78501;79392;80272;81102;81862;82440;82999;83536;84055;84562;85028;85477;85957;86428;86886;87332
"27003 SANTANA DO IPANEMA";168322;169193;170037;170829;171562;172263;172938;173559;174179;174762;175294;175699;176089;176467;176830;177186;177512;177830;178166;178496;178818;179130
"27004 BATALHA";89284;89873;90439;90975;91466;91938;92391;92811;93227;93617;93978;94251;94513;94767;95013;95253;95472;95684;95911;96133;96350;96558
"27005 PALMEIRA DOS INDIOS";180993;180857;180722;180596;180480;180371;180263;180166;180065;179974;179890;179826;179764;179704;179647;179590;179539;179489;179435;179383;179333;179283
"27006 ARAPIRACA";377736;383076;388217;393075;397554;401817;405943;409755;413535;417093;420351;422830;425224;427531;429750;431923;433921;435848;437905;439919;441885;443798
"27007 TRAIPU";35884;36222;36545;36851;37132;37401;37660;37902;38139;38362;38567;38724;38874;39022;39160;39297;39422;39542;39673;39799;39923;40044
"27008 SERRANA DOS QUILOMBOS";146650;147096;147526;147932;148307;148663;149006;149326;149640;149938;150211;150419;150617;150812;150995;151178;151344;151506;151676;151846;152009;152170
"27009 MATA ALAGOANA";288992;291459;293839;296082;298153;300123;302030;303792;305539;307181;308688;309834;310941;312009;313032;314038;314961;315852;316802;317733;318641;319527
"27010 LITORAL NORTE ALAGOANO";60679;61655;62597;63484;64302;65081;65836;66533;67225;67875;68470;68923;69359;69782;70189;70586;70951;71303;71679;72047;72407;72756
"27011 MACEIO";999768;1020867;1041190;1060383;1078080;1094935;1111226;1126293;1141231;1155280;1168161;1177954;1187418;1196530;1205290;1213887;1221779;1229390;1237524;1245479;1253244;1260804
"27012 SAO MIGUEL DOS CAMPOS";257328;261614;265740;269634;273227;276649;279956;283016;286048;288900;291516;293502;295424;297275;299053;300798;302401;303947;305597;307213;308789;310323
"27013 PENEDO";119990;120920;121817;122663;123444;124188;124905;125570;126230;126850;127417;127850;128267;128670;129055;129437;129783;130119;130476;130829;131171;131504
"13001 RIO NEGRO";76072;78411;80657;82840;84963;87141;89382;91631;93899;96183;98398;100514;102674;104856;107083;109304;111404;113479;115590;117676;119734;121764
"13002 JAPURA";30406;29876;29367;28872;28392;27898;27390;26881;26367;25849;25347;24868;24378;23884;23379;22876;22400;21930;21451;20979;20512;20053
"13003 ALTO SOLIMOES";201532;204362;207079;209719;212289;214922;217633;220356;223099;225862;228543;231103;233716;236356;239052;241737;244278;246789;249343;251867;254355;256812
"13004 JURUA";104735;107423;110001;112509;114951;117451;120024;122609;125214;127837;130383;132812;135295;137803;140363;142912;145324;147707;150133;152530;154894;157225
"13005 TEFE";88865;88896;88927;88957;88986;89015;89045;89077;89106;89139;89168;89197;89226;89256;89285;89316;89344;89373;89401;89430;89457;89485
"13006 COARI";125149;128296;131316;134254;137110;140038;143053;146079;149131;152204;155184;158028;160936;163873;166870;169856;172680;175472;178314;181118;183887;186618
"13007 MANAUS";1630478;1677584;1722782;1766757;1809517;1853333;1898462;1943750;1989428;2035412;2080024;2122613;2166118;2210070;2254924;2299619;2341911;2383676;2426207;2468200;2509626;2550499
"13008 RIO PRETO DA EVA";35783;37686;39512;41289;43016;44786;46609;48439;50284;52142;53944;55665;57422;59197;61010;62815;64523;66211;67929;69626;71299;72951
"13009 ITACOATIARA";126031;129071;131989;134827;137587;140415;143328;146249;149199;152166;155045;157794;160602;163439;166334;169219;171947;174643;177387;180099;182772;185410
"13010 PARINTINS";208844;212894;216781;220562;224239;228006;231887;235780;239709;243661;247498;251160;254901;258680;262537;266380;270016;273607;277264;280875;284437;287952
"13011 BOCA DO ACRE";45173;45654;46117;46566;47003;47450;47912;48374;48841;49311;49767;50203;50646;51096;51554;52012;52443;52870;53305;53734;54157;54574
"13012 PURUS";61679;62645;63572;64473;65350;66248;67174;68102;69039;69981;70896;71769;72661;73562;74481;75399;76266;77122;77994;78854;79704;80542
"13013 MADEIRA";133446;137167;140736;144210;147587;151047;154611;158187;161796;165427;168951;172314;175751;179221;182764;186295;189635;192933;196293;199609;202880;206110
"16001 OIAPOQUE";20363;21416;22457;23501;24529;25521;26528;27528;28540;29575;30599;31483;32335;33198;34090;34978;35852;36709;37553;38387;39212;40027
"16002 AMAPA";17157;17998;18828;19661;20482;21274;22077;22877;23683;24509;25327;26033;26712;27402;28114;28821;29520;30204;30877;31544;32202;32852
"16003 MACAPA";406744;423176;439397;455676;471704;487191;502875;518484;534254;550397;566369;580153;593435;606901;620811;634652;648286;661649;674807;687827;700690;713392
"16004 MAZAGAO";50929;53094;55232;57377;59490;61531;63599;65655;67734;69862;71966;73784;75533;77308;79141;80965;82761;84522;86257;87973;89669;91342
"29001 BARREIRAS";212034;222934;232881;242361;251177;259295;266596;273261;279878;286321;292167;298333;304330;309890;315208;320742;326051;331318;336810;342084;347122;351906
"29002 COTEGIPE";113298;113772;114207;114618;115002;115356;115674;115967;116254;116533;116789;117058;117320;117560;117792;118034;118266;118495;118732;118963;119183;119389
"29003 SANTA MARIA DA VITORIA";183484;183397;183316;183242;183167;183105;183046;182992;182938;182887;182838;182789;182742;182697;182655;182609;182568;182525;182481;182440;182396;182359
"29004 JUAZEIRO";417854;424077;429754;435165;440198;444835;449006;452808;456587;460267;463604;467123;470548;473721;476759;479917;482952;485959;489091;492105;494980;497712
"29005 PAULO AFONSO";152899;155292;157473;159551;161484;163263;164865;166328;167780;169190;170474;171826;173141;174362;175528;176739;177904;179061;180265;181421;182526;183575
"29006 BARRA";164162;165694;167093;168429;169667;170811;171837;172776;173706;174611;175435;176301;177145;177926;178677;179458;180204;180942;181717;182458;183168;183842
"29007 BOM JESUS DA LAPA";162473;163970;165333;166635;167844;168955;169958;170874;171782;172665;173470;174314;175137;175899;176628;177388;178116;178838;179592;180315;181009;181665
"29008 SENHOR DO BONFIM";276829;278942;280866;282704;284415;285985;287400;288690;289972;291222;292354;293547;294708;295786;296818;297890;298916;299939;301001;302022;302999;303928
"29009 IRECE";359043;361991;364680;367248;369631;371827;373799;375604;377391;379137;380717;382384;384006;385511;386947;388446;389882;391304;392793;394218;395582;396878
"29010 JACOBINA";325088;326191;327193;328154;329043;329865;330599;331275;331939;332591;333181;333803;334406;334974;335507;336066;336607;337138;337692;338225;338733;339215
"29011 ITABERABA";253926;253969;254003;254040;254068;254099;254124;254147;254172;254195;254214;254237;254261;254278;254298;254314;254335;254355;254374;254393;254407;254429
"29012 FEIRA DE SANTANA";917314;929989;941560;952579;962831;972269;980760;988511;996204;1003698;1010496;1017662;1024639;1031100;1037286;1043722;1049892;1056019;1062410;1068539;1074399;1079960
"29013 JEREMOABO";107786;106900;106091;105320;104602;103942;103350;102810;102274;101751;101275;100777;100287;99835;99405;98958;98526;98098;97652;97224;96814;96427
"29014 EUCLIDES DA CUNHA";294236;294936;295573;296183;296749;297267;297737;298166;298590;299003;299379;299773;300158;300514;300857;301211;301549;301889;302244;302581;302905;303209
"29015 RIBEIRA DO POMBAL";308467;310597;312539;314392;316113;317701;319129;320429;321722;322979;324123;325326;326501;327586;328624;329707;330741;331773;332846;333876;334859;335794
"29016 SERRINHA";395904;399542;402860;406021;408964;411671;414109;416334;418542;420693;422643;424702;426701;428557;430332;432177;433949;435710;437541;439299;440982;442578
"29017 ALAGOINHAS";284461;288038;291297;294404;297292;299956;302349;304535;306701;308815;310732;312754;314718;316541;318285;320098;321840;323564;325366;327094;328745;330311
"29018 ENTRE RIOS";106107;107678;109112;110479;111748;112921;113972;114936;115890;116819;117659;118548;119414;120215;120983;121782;122548;123307;124097;124858;125586;126276
"29019 CATU";195453;198321;200940;203437;205755;207893;209813;211567;213308;215004;216544;218165;219746;221208;222609;224064;225462;226849;228293;229682;231007;232268
"29020 SANTO ANTONIO DE JESUS";516918;521600;525872;529947;533734;537221;540358;543221;546063;548830;551342;553991;556570;558954;561242;563617;565900;568160;570519;572784;574951;577003
"29021 SALVADOR";3095999;3154915;3208662;3259899;3307526;3351394;3390861;3426873;3462637;3497454;3529052;3562363;3594781;3624822;3653566;3683467;3712163;3740628;3770310;3798807;3826038;3851881
"29022 BOQUIRA";182075;183115;184062;184966;185806;186579;187271;187906;188537;189150;189709;190297;190869;191397;191905;192432;192936;193440;193962;194463;194943;195399
"29023 SEABRA";261030;261009;260994;260983;260967;260950;260943;260929;260919;260912;260902;260894;260881;260872;260867;260859;260848;260841;260833;260825;260813;260808
"29024 JEQUIE";527167;526068;525068;524113;523225;522411;521676;521004;520341;519692;519104;518485;517880;517323;516787;516228;515696;515165;514611;514082;513575;513096
"29025 LIVRAMENTO DO BRUMADO";91068;91968;92789;93572;94299;94969;95572;96122;96669;97201;97685;98193;98687;99146;99585;100042;100479;100914;101368;101803;102220;102615
"29026 GUANAMBI";365998;368371;370536;372599;374520;376287;377877;379328;380767;382172;383441;384784;386090;387301;388460;389664;390819;391966;393165;394309;395405;396449
"29027 BRUMADO";261977;259115;256499;254008;251693;249560;247643;245889;244152;242457;240924;239304;237729;236267;234869;233414;232021;230636;229193;227808;226484;225226
"29028 VITORIA DA CONQUISTA";623558;625236;626772;628231;629593;630842;631968;632995;634017;635010;635909;636861;637786;638641;639462;640312;641133;641945;642790;643604;644383;645118
"29029 ITAPETINGA";214643;213267;212012;210817;209705;208680;207759;206919;206083;205271;204532;203754;202997;202297;201622;200928;200257;199594;198903;198234;197600;196996
"29030 VALENCA";244019;247477;250633;253637;256433;259007;261325;263435;265535;267580;269435;271388;273292;275054;276741;278495;280179;281851;283593;285265;286862;288379
"29031 ILHEUS-ITABUNA";1122627;1111376;1101103;1091317;1082218;1073839;1066298;1059425;1052588;1045935;1039900;1033537;1027347;1021607;1016115;1010400;1004920;999482;993810;988370;983168;978229
"29032 PORTO SEGURO";649271;661980;673579;684636;694912;704377;712892;720662;728381;735891;742709;749895;756891;763372;769573;776027;782219;788361;794765;800913;806790;812364
"23001 LITORAL DE CAMOCIM E ACARAU";323907;329011;333849;338404;342705;346997;351264;355367;359425;363405;367229;369739;372188;374556;376918;379445;381944;384370;386872;389324;391710;394031
"23002 IBIAPABA";266817;271029;275025;278785;282341;285884;289406;292796;296143;299432;302591;304663;306690;308643;310592;312682;314744;316749;318816;320838;322809;324726
"23003 COREAU";51658;52291;52891;53456;53990;54522;55050;55560;56063;56557;57031;57342;57646;57940;58233;58547;58856;59157;59468;59772;60067;60356
"23004 MERUOCA";21444;21860;22254;22624;22975;23325;23672;24007;24336;24661;24972;25176;25375;25569;25761;25967;26171;26368;26572;26771;26966;27155
"23005 SOBRAL";334520;340790;346737;352337;357627;362901;368143;373189;378177;383065;387771;390855;393867;396776;399679;402784;405854;408839;411914;414924;417859;420712
"23006 IPU";139053;139151;139247;139335;139420;139503;139587;139669;139746;139824;139899;139948;139996;140043;140087;140138;140186;140234;140281;140328;140376;140421
"23007 SANTA QUITERIA";70807;71058;71294;71519;71731;71942;72152;72355;72553;72748;72936;73060;73181;73297;73413;73539;73660;73779;73902;74023;74140;74255
"23008 ITAPIPOCA";175824;179950;183864;187549;191028;194497;197947;201267;204546;207766;210860;212890;214871;216786;218697;220741;222760;224723;226747;228728;230659;232535
"23009 BAIXO CURU";90925;92900;94772;96534;98201;99862;101513;103100;104672;106212;107691;108664;109610;110527;111442;112420;113386;114325;115295;116242;117165;118064
"23010 URUBURETAMA";88221;89968;91627;93184;94660;96129;97590;98996;100383;101747;103056;103915;104755;105565;106374;107240;108095;108928;109783;110621;111441;112235
"23011 MEDIO CURU";77806;78925;79985;80985;81930;82870;83806;84708;85597;86471;87310;87860;88399;88916;89435;89989;90538;91070;91620;92156;92681;93191
"23012 CANINDE";114375;115861;117271;118596;119847;121097;122338;123534;124714;125873;126987;127717;128430;129120;129806;130542;131270;131976;132705;133417;134114;134789
"23013 BATURITE";175864;177572;179192;180717;182158;183595;185022;186397;187757;189088;190371;191212;192032;192823;193613;194459;195296;196110;196949;197767;198566;199342
"23014 CHOROZINHO";60521;61134;61718;62264;62782;63299;63813;64305;64795;65273;65733;66035;66328;66614;66899;67204;67504;67796;68098;68392;68680;68959
"23015 CASCAVEL";116706;118983;121140;123172;125091;127004;128907;130739;132547;134323;136030;137148;138242;139298;140352;141478;142592;143676;144791;145883;146950;147985
"23016 FORTALEZA";2926651;2984535;3039450;3091137;3139978;3188667;3237072;3283654;3329675;3374848;3418257;3446732;3474534;3501405;3528210;3556889;3585237;3612778;3641177;3668971;3696069;3722404
"23017 PACAJUS";79902;84553;88964;93117;97041;100952;104841;108584;112281;115910;119398;121686;123919;126078;128232;130536;132813;135026;137307;139540;141717;143833
"23018 SERTAO DE CRATEUS";240037;240759;241444;242086;242693;243302;243905;244485;245058;245622;246162;246516;246861;247197;247531;247886;248242;248584;248938;249284;249622;249950
"23019 SERTAO DE QUIXERAMOBIM";241811;245418;248833;252054;255097;258130;261145;264047;266911;269724;272427;274200;275934;277607;279276;281063;282827;284543;286310;288042;289730;291371
"23020 SERTAO DE INHAMUNS";141796;142602;143368;144088;144768;145448;146121;146769;147412;148040;148644;149041;149429;149803;150174;150575;150971;151354;151749;152136;152513;152880
"23021 SERTAO DE SENADOR POMPEU";212076;213072;214023;214916;215756;216594;217434;218235;219031;219808;220559;221048;221529;221993;222454;222947;223439;223914;224405;224884;225351;225807
"23022 LITORAL DE ARACATI";98391;99982;101491;102911;104254;105591;106920;108200;109465;110707;111899;112681;113445;114184;114921;115707;116487;117243;118023;118788;119532;120255
"23023 BAIXO JAGUARIBE";294171;297189;300053;302749;305297;307836;310358;312787;315186;317541;319805;321293;322739;324141;325539;327035;328514;329950;331430;332877;334292;335665
"23024 MEDIO JAGUARIBE";63423;63486;63548;63604;63659;63713;63767;63818;63870;63920;63968;63999;64030;64059;64089;64121;64153;64182;64215;64245;64275;64305
"23025 SERRA DO PEREIRO";41510;41721;41922;42110;42289;42466;42643;42813;42982;43147;43305;43409;43511;43609;43707;43810;43915;44016;44119;44221;44319;44416
"23026 IGUATU";215209;216651;218015;219301;220516;221728;222931;224092;225235;226360;227439;228149;228841;229508;230176;230889;231594;232281;232986;233678;234352;235006
"23027 VARZEA ALEGRE";93481;94004;94501;94968;95412;95853;96290;96712;97128;97539;97931;98189;98439;98682;98925;99184;99441;99690;99947;100198;100445;100684
"23028 LAVRAS DA MANGABEIRA";57307;57360;57411;57459;57503;57548;57593;57634;57678;57720;57760;57787;57813;57838;57862;57888;57915;57940;57966;57992;58016;58041
"23029 CHAPADA DO ARARIPE";91764;92410;93023;93598;94143;94685;95225;95746;96260;96761;97246;97564;97874;98173;98472;98791;99107;99414;99732;100042;100343;100636
"23030 CARIRIACU";59018;59004;58993;58981;58969;58959;58947;58936;58926;58915;58904;58897;58890;58883;58878;58872;58866;58859;58852;58845;58840;58834
"23031 BARRO";88697;89212;89700;90159;90593;91026;91456;91871;92280;92682;93067;93320;93567;93806;94045;94300;94552;94797;95049;95296;95536;95771
"23032 CARIRI";479334;487022;494318;501182;507668;514136;520568;526755;532869;538868;544635;548418;552111;555682;559241;563052;566816;570476;574246;577939;581538;585036
"23033 BREJO SANTO";91781;92882;93930;94915;95844;96770;97692;98577;99454;100315;101141;101683;102211;102725;103234;103779;104318;104843;105385;105914;106430;106930
"53001 BRASILIA";2090538;2147631;2203724;2259183;2314130;2369135;2424473;2478904;2533036;2587342;2641247;2683144;2724348;2765696;2808040;2850959;2892607;2933497;2974703;3015268;3055149;3094325
"32001 BARRA DE SAO FRANCISCO";88668;88963;89242;89516;89785;90047;90300;90546;90797;91053;91304;91594;91886;92180;92480;92782;93073;93360;93654;93942;94226;94503
"32002 NOVA VENECIA";117932;118945;119903;120842;121763;122663;123532;124372;125233;126110;126974;127970;128973;129981;131006;132044;133042;134026;135034;136024;136996;137948
"32003 COLATINA";189953;191562;193084;194575;196042;197468;198852;200186;201553;202946;204319;205902;207493;209094;210727;212375;213960;215524;217123;218697;220242;221756
"32004 MONTANHA";52001;52408;52792;53169;53539;53901;54250;54587;54933;55285;55632;56032;56434;56839;57252;57669;58069;58463;58869;59267;59657;60039
"32005 SAO MATEUS";162508;165633;168590;171484;174331;177105;179788;182380;185036;187742;190408;193484;196572;199681;202851;206054;209131;212167;215277;218335;221335;224272
"32006 LINHARES";256358;262978;269247;275377;281411;287285;292971;298464;304092;309822;315473;321988;328536;335120;341840;348624;355143;361580;368167;374642;381001;387227
"32007 AFONSO CLAUDIO";127760;128584;129364;130127;130878;131609;132318;132998;133701;134414;135117;135929;136741;137561;138397;139243;140054;140855;141675;142481;143272;144047
"32008 SANTA TERESA";100603;101313;101985;102641;103287;103919;104528;105117;105719;106334;106939;107639;108340;109045;109765;110492;111191;111881;112587;113281;113963;114629
"32009 VITORIA";1370275;1396175;1420690;1444669;1468273;1491256;1513496;1534979;1556993;1579410;1601513;1627002;1652610;1678371;1704649;1731193;1756686;1781860;1807630;1832969;1857837;1882184
"32010 GUARAPARI";162852;165822;168633;171384;174091;176727;179277;181742;184265;186838;189372;192295;195232;198187;201201;204244;207168;210055;213010;215916;218768;221560
"32011 ALEGRE";156170;156776;157348;157909;158458;158996;159517;160017;160533;161055;161571;162165;162764;163368;163981;164601;165196;165785;166386;166978;167558;168127
"32012 CACHOEIRO DE ITAPEMIRIM";318801;321203;323474;325699;327885;330016;332078;334070;336112;338188;340239;342603;344975;347364;349798;352261;354623;356959;359348;361697;364000;366259
"32013 ITAPEMIRIM";69979;70787;71553;72301;73038;73755;74449;75120;75806;76506;77196;77992;78791;79595;80414;81244;82040;82826;83628;84421;85197;85957
"52001 SAO MIGUEL DO ARAGUAIA";76348;76535;76719;76902;77080;77256;77430;77595;77759;77922;78082;78265;78447;78629;78813;78999;79181;79354;79533;79706;79876;80043
"52002 RIO VERMELHO";94250;93793;93335;92884;92445;92012;91587;91181;90775;90374;89980;89529;89080;88635;88180;87718;87278;86843;86408;85981;85562;85151
"52003 ARAGARCAS";55188;55322;55458;55591;55722;55849;55974;56096;56215;56333;56450;56582;56716;56845;56982;57118;57251;57376;57505;57633;57756;57877
"52004 PORANGATU";232770;233072;233376;233673;233965;234249;234530;234799;235068;235332;235593;235891;236188;236483;236783;237087;237380;237667;237954;238236;238514;238783
"52005 CHAPADA DOS VEADEIROS";57558;58228;58898;59557;60202;60837;61459;62057;62648;63232;63811;64472;65129;65781;66449;67122;67768;68403;69042;69670;70283;70882
"52006 CERES";218380;220207;222023;223820;225573;227298;228992;230620;232227;233824;235394;237191;238980;240754;242565;244400;246164;247890;249629;251333;253002;254637
"52007 ANAPOLIS";478040;485753;493439;501021;508433;515734;522887;529753;536557;543304;549939;557533;565094;572596;580249;588004;595456;602748;610093;617296;624354;631253
"52008 IPORA";64084;63662;63240;62826;62420;62021;61629;61253;60883;60513;60149;59733;59321;58909;58489;58066;57659;57260;56856;56463;56077;55699
"52009 ANICUNS";104714;105440;106165;106881;107580;108268;108942;109590;110230;110868;111493;112209;112922;113632;114351;115083;115784;116473;117165;117842;118510;119157
"52010 GOIANIA";1740487;1784948;1829236;1872955;1915672;1957723;1998975;2038557;2077759;2116659;2154880;2198629;2242210;2285465;2329566;2374263;2417222;2459232;2501569;2543103;2583769;2623532
"52011 VAO DO PARANA";94515;96094;97669;99224;100740;102235;103702;105107;106500;107884;109242;110797;112346;113884;115450;117039;118567;120058;121564;123040;124483;125896
"52012 ENTORNO DE BRASILIA";836211;861220;886133;910722;934748;958398;981602;1003867;1025913;1047799;1069298;1093906;1118421;1142748;1167555;1192694;1216858;1240489;1264306;1287664;1310540;1332904
"52013 SUDOESTE DE GOIAS";353885;364672;375424;386036;396405;406611;416622;426228;435743;445186;454462;465082;475658;486158;496858;507709;518134;528329;538609;548686;558558;568208
"52014 VALE DO RIO DOS BOIS";104244;105462;106678;107877;109045;110200;111331;112415;113491;114557;115605;116804;117998;119184;120393;121620;122798;123948;125111;126249;127364;128454
"52015 MEIA PONTE";323023;327826;332606;337326;341939;346481;350935;355212;359444;363644;367772;372496;377204;381875;386634;391461;396101;400640;405210;409694;414089;418379
"52016 PIRES DO RIO";88589;89264;89935;90598;91244;91884;92509;93110;93703;94293;94873;95535;96197;96853;97523;98199;98852;99486;100129;100760;101376;101979
"52017 CATALAO";121535;124582;127617;130614;133539;136423;139250;141961;144646;147313;149932;152929;155916;158881;161903;164966;167910;170788;173690;176535;179322;182048
"52018 QUIRINOPOLIS";96085;97879;99666;101428;103151;104848;106513;108110;109691;111260;112802;114566;116325;118071;119848;121654;123384;125080;126788;128463;130105;131707
"21001 LITORAL OCIDENTAL MARANHENSE";178594;179547;180429;181389;182364;183320;184265;185160;186025;186815;187553;188026;188452;188836;189236;189655;190054;190452;190870;191282;191685;192082
"21002 AGLOMERACAO URBANA DE SAO LUIS";1105640;1130212;1152936;1177651;1202737;1227373;1251751;1274840;1297073;1317479;1336452;1348653;1359634;1369484;1379804;1390604;1400851;1411157;1421946;1432529;1442927;1453128
"21003 ROSARIO";134718;138010;141051;144361;147721;151018;154285;157376;160353;163085;165627;167260;168729;170049;171433;172878;174250;175630;177073;178491;179884;181249
"21004 LENCOIS MARANHENSES";138269;142706;146811;151273;155802;160253;164654;168823;172839;176524;179950;182153;184136;185916;187779;189729;191579;193440;195389;197301;199178;201020
"21005 BAIXADA MARANHENSE";494983;503220;510840;519123;527534;535794;543969;551706;559161;566001;572363;576453;580136;583437;586899;590519;593955;597409;601025;604575;608061;611477
"21006 ITAPECURU MIRIM";163429;168892;173944;179440;185016;190494;195915;201048;205990;210527;214745;217458;219899;222091;224384;226785;229063;231354;233753;236106;238418;240687
"21007 GURUPI";188416;192442;196167;200215;204324;208362;212356;216138;219781;223124;226233;228233;230030;231643;233336;235104;236786;238473;240239;241976;243679;245350
"21008 PINDARE";567441;574857;581710;589169;596739;604176;611529;618497;625207;631367;637091;640774;644084;647057;650171;653432;656524;659633;662890;666083;669222;672299
"21009 IMPERATRIZ";526734;532258;537363;542917;548556;554092;559571;564761;569758;574342;578607;581347;583816;586031;588350;590777;593081;595395;597823;600199;602537;604830
"21010 MEDIO MEARIM";410178;411217;412174;413223;414281;415320;416354;417326;418266;419128;419930;420447;420908;421327;421761;422217;422653;423086;423542;423990;424432;424862
"21011 ALTO MEARIM E GRAJAU";273670;278380;282734;287469;292279;296999;301672;306097;310355;314265;317903;320240;322343;324230;326213;328280;330245;332220;334288;336315;338308;340262
"21012 PRESIDENTE DUTRA";184037;185201;186279;187450;188640;189807;190965;192056;193111;194079;194979;195556;196079;196544;197034;197545;198031;198520;199032;199535;200027;200510
"21013 BAIXO PARNAIBA MARANHENSE";113133;115632;117943;120457;123006;125512;127991;130338;132598;134674;136602;137842;138960;139963;141009;142110;143153;144199;145296;146372;147430;148467
"21014 CHAPADINHA";192381;196339;199999;203978;208018;211986;215913;219631;223210;226497;229555;231519;233286;234873;236535;238277;239924;241586;243323;245029;246702;248345
"21015 CODO";249295;251533;253601;255851;258133;260376;262596;264697;266722;268581;270308;271419;272417;273315;274255;275238;276172;277108;278092;279055;280000;280930
"21016 COELHO NETO";77587;78808;79939;81168;82415;83640;84852;86000;87105;88120;89063;89670;90215;90706;91218;91755;92265;92776;93313;93840;94357;94865
"21017 CAXIAS";376534;381688;386454;391639;396900;402069;407182;412023;416690;420970;424949;427508;429811;431879;434041;436309;438457;440618;442882;445103;447282;449422
"21018 CHAPADAS DO ALTO ITAPECURU";195088;197067;198897;200888;202906;204890;206854;208713;210504;212146;213674;214658;215541;216333;217165;218035;218860;219688;220558;221411;222247;223069
"21019 PORTO FRANCO";92452;94540;96472;98572;100703;102797;104867;106830;108719;110452;112065;113101;114035;114871;115748;116667;117538;118413;119331;120229;121114;121979
"21020 GERAIS DE BALSAS";108838;111439;113844;116462;119116;121724;124306;126747;129102;131261;133270;134563;135725;136766;137859;139001;140087;141177;142320;143440;144541;145620
"21021 CHAPADAS DAS MANGABEIRAS";64579;65161;65699;66286;66879;67461;68039;68587;69112;69595;70045;70333;70594;70828;71072;71327;71571;71814;72070;72320;72567;72809
"31001 UNAI";141173;142522;143751;144899;145984;147026;148010;148915;149806;150687;151534;152428;153325;154203;155091;155995;156843;157671;158523;159350;160148;160919
"31002 PARACATU";201938;204502;206832;209014;211079;213053;214922;216639;218335;220011;221617;223317;225021;226690;228371;230092;231698;233272;234892;236461;237979;239440
"31003 JANUARIA";264281;266287;268110;269820;271437;272982;274444;275789;277113;278428;279685;281015;282349;283655;284971;286317;287578;288809;290076;291306;292494;293639
"31004 JANAUBA";244316;245324;246241;247098;247908;248685;249419;250093;250758;251418;252049;252716;253386;254042;254704;255380;256011;256629;257266;257882;258479;259052
"31005 SALINAS";204940;206203;207354;208430;209448;210423;211344;212190;213025;213852;214644;215482;216323;217144;217974;218824;219619;220393;221188;221964;222711;223432
"31006 PIRAPORA";158783;159974;161059;162072;163034;163951;164821;165618;166407;167187;167934;168725;169516;170292;171076;171875;172624;173354;174106;174836;175543;176222
"31007 MONTES CLAROS";552517;560341;567460;574116;580425;586452;592158;597403;602575;607690;612594;617784;622987;628077;633214;638466;643376;648176;653115;657908;662545;667004
"31008 GRAO MOGOL";41725;41951;42156;42347;42528;42702;42865;43016;43165;43312;43453;43602;43752;43897;44047;44197;44339;44478;44618;44756;44889;45018
"31009 BOCAIUVA";64536;65200;65807;66373;66910;67424;67909;68356;68795;69231;69648;70089;70532;70965;71403;71849;72267;72677;73096;73504;73899;74277
"31010 DIAMANTINA";83932;83971;84007;84037;84068;84097;84126;84153;84177;84202;84226;84253;84278;84302;84327;84353;84376;84399;84423;84446;84470;84492
"31011 CAPELINHA";191833;193000;194064;195056;196001;196899;197751;198534;199308;200073;200805;201579;202356;203117;203886;204669;205402;206119;206858;207574;208265;208931
"31012 ARACUAI";155755;156217;156634;157027;157398;157754;158091;158399;158703;159005;159293;159600;159904;160205;160507;160815;161107;161388;161678;161963;162235;162498
"31013 PEDRA AZUL";87438;87075;86745;86435;86142;85864;85599;85355;85115;84878;84650;84409;84167;83931;83693;83449;83222;82999;82769;82547;82333;82125
"31014 ALMENARA";177071;177836;178534;179187;179806;180399;180956;181472;181979;182481;182960;183469;183979;184476;184982;185496;185976;186447;186931;187399;187856;188293
"31015 TEOFILO OTONI";267626;268140;268602;269038;269449;269843;270217;270559;270898;271232;271552;271891;272233;272564;272900;273241;273563;273877;274200;274515;274815;275107
"31016 NANUQUE";122899;122645;122413;122195;121990;121796;121610;121439;121271;121104;120945;120778;120607;120441;120274;120103;119945;119788;119627;119470;119320;119174
"31017 ITUIUTABA";136495;137730;138855;139906;140903;141854;142755;143583;144400;145208;145982;146801;147622;148426;149238;150068;150843;151602;152382;153138;153869;154574
"31018 UBERLANDIA";720125;735130;748773;761540;773641;785191;796134;806187;816104;825917;835318;845269;855241;865007;874855;884923;894340;903547;913018;922210;931094;939649
"31019 PATROCINIO";187964;189639;191162;192588;193940;195228;196451;197575;198683;199776;200827;201938;203051;204142;205243;206367;207417;208448;209504;210531;211523;212478
"31020 PATOS DE MINAS";238901;241441;243749;245912;247959;249915;251765;253467;255145;256808;258398;260083;261769;263422;265089;266794;268388;269948;271549;273103;274609;276058
"31021 FRUTAL";158172;161382;164299;167031;169619;172091;174432;176583;178703;180799;182812;184942;187073;189163;191268;193423;195436;197407;199432;201398;203298;205126
"31022 UBERABA";298141;305205;311631;317641;323340;328780;333932;338666;343335;347955;352382;357068;361763;366361;370997;375738;380173;384509;388970;393297;397481;401509
"31023 ARAXA";178166;182074;185628;188953;192104;195112;197963;200582;203164;205720;208168;210761;213359;215901;218465;221088;223539;225937;228405;230801;233114;235342
"31024 TRES MARIAS";90908;91912;92825;93680;94490;95263;95995;96670;97332;97989;98618;99284;99952;100604;101264;101938;102569;103185;103818;104433;105028;105600
"31025 CURVELO";147399;148190;148908;149582;150219;150829;151403;151936;152457;152976;153470;153995;154518;155036;155553;156084;156581;157065;157564;158050;158518;158970
"31026 BOM DESPACHO";152483;154529;156396;158137;159788;161365;162858;164228;165585;166923;168207;169565;170929;172259;173605;174977;176264;177521;178814;180069;181282;182448
"31027 SETE LAGOAS";355444;361403;366822;371893;376692;381283;385625;389620;393556;397452;401186;405136;409098;412976;416887;420884;424624;428280;432039;435690;439218;442614
"31028 CONCEICAO DO MATO DENTRO";90597;90019;89494;89002;88536;88089;87667;87282;86901;86522;86160;85776;85393;85016;84637;84250;83887;83533;83165;82814;82469;82142
"31029 PARA DE MINAS";109912;111965;113833;115581;117237;118818;120315;121691;123050;124392;125679;127040;128405;129742;131090;132467;133756;135018;136313;137571;138787;139957
"31030 BELO HORIZONTE";4369239;4433182;4491325;4545730;4597298;4646532;4693159;4736005;4778269;4820082;4860146;4902548;4945054;4986667;5028637;5071534;5111675;5150909;5191276;5230438;5268308;5304762
"31031 ITABIRA";361941;365102;367976;370666;373214;375648;377951;380069;382161;384228;386207;388304;390404;392463;394535;396655;398640;400580;402575;404510;406384;408186
"31032 ITAGUARA";59583;59967;60318;60646;60954;61252;61533;61790;62045;62295;62537;62792;63048;63298;63552;63810;64051;64287;64530;64766;64994;65212
"31033 OURO PRETO";158845;161209;163357;165369;167276;169095;170819;172404;173966;175512;176993;178561;180131;181669;183222;184807;186292;187742;189234;190682;192082;193429
"31034 CONSELHEIRO LAFAIETE";225920;229291;232355;235223;237942;240536;242995;245251;247480;249684;251796;254031;256272;258465;260676;262937;265055;267122;269250;271313;273311;275233
"31035 GUANHAES";131474;131720;131947;132153;132355;132546;132723;132892;133054;133215;133369;133534;133694;133858;134019;134184;134338;134490;134648;134798;134944;135087
"31036 PECANHA";86949;86480;86054;85655;85278;84916;84573;84260;83950;83643;83349;83039;82727;82421;82113;81798;81504;81216;80922;80632;80355;80088
"31037 GOVERNADOR VALADARES";407270;409364;411265;413047;414734;416344;417872;419272;420659;422026;423337;424724;426117;427476;428855;430256;431570;432854;434173;435461;436696;437891
"31038 MANTENA";63461;63579;63687;63788;63883;63973;64060;64138;64217;64294;64368;64446;64525;64601;64680;64759;64832;64905;64979;65052;65123;65189
"31039 IPATINGA";486148;492702;498660;504236;509521;514568;519347;523739;528070;532356;536462;540809;545165;549430;553729;558125;562243;566263;570401;574414;578295;582032
"31040 CARATINGA";246661;248148;249498;250766;251965;253108;254192;255188;256172;257144;258076;259060;260048;261017;261993;262991;263924;264837;265774;266686;267565;268414
"31041 AIMORES";152054;152066;152078;152087;152098;152108;152118;152126;152135;152145;152151;152158;152167;152176;152185;152195;152200;152208;152216;152223;152232;152238
"31042 PIUI";79235;79745;80208;80639;81051;81443;81813;82156;82491;82824;83143;83480;83821;84150;84484;84826;85145;85457;85780;86090;86391;86682
"31043 DIVINOPOLIS";401972;413745;424452;434466;443962;453027;461613;469500;477282;484979;492357;500164;507990;515651;523381;531279;538667;545892;553325;560534;567507;574219
"31044 FORMIGA";148704;149519;150261;150955;151613;152241;152835;153382;153923;154455;154966;155506;156050;156580;157115;157663;158173;158674;159190;159690;160172;160638
"31045 CAMPO BELO";108251;108976;109635;110251;110835;111394;111923;112408;112887;113362;113815;114296;114778;115250;115726;116211;116666;117111;117567;118013;118440;118854
"31046 OLIVEIRA";122519;123270;123956;124595;125201;125782;126332;126835;127332;127824;128297;128796;129296;129786;130281;130786;131258;131720;132194;132655;133101;133530
"31047 PASSOS";215650;217593;219363;221018;222582;224080;225499;226799;228084;229356;230573;231862;233155;234420;235694;236999;238219;239412;240641;241828;242982;244089
"31048 SAO SEBASTIAO DO PARAISO";259816;261230;262513;263714;264853;265942;266970;267919;268853;269777;270661;271600;272536;273456;274383;275331;276217;277085;277977;278844;279679;280484
"31049 ALFENAS";214083;216089;217916;219623;221243;222789;224253;225598;226926;228237;229496;230827;232161;233468;234787;236135;237392;238627;239892;241122;242312;243457
"31050 VARGINHA";417310;421458;425234;428763;432109;435304;438330;441109;443852;446565;449165;451917;454674;457374;460099;462882;465486;468035;470653;473195;475649;478016
"31051 POCOS DE CALDAS";318410;322311;325851;329171;332315;335317;338158;340772;343347;345897;348341;350929;353517;356055;358615;361230;363676;366067;368530;370919;373228;375451
"31052 POUSO ALEGRE";288799;294482;299648;304485;309066;313442;317583;321394;325147;328862;332424;336194;339972;343668;347397;351211;354774;358264;361850;365331;368694;371934
"31053 SANTA RITA DO SAPUCAI";131499;132964;134293;135541;136720;137844;138913;139896;140861;141819;142736;143706;144681;145631;146591;147575;148494;149390;150315;151211;152079;152911
"31054 SAO LOURENCO";200857;202325;203656;204907;206092;207218;208289;209273;210242;211199;212120;213096;214067;215024;215986;216972;217891;218791;219716;220614;221484;222320
"31055 ANDRELANDIA";75464;75432;75406;75379;75354;75331;75306;75288;75267;75249;75228;75206;75187;75167;75145;75126;75108;75089;75069;75050;75032;75014
"31056 ITAJUBA";186148;187000;187773;188495;189182;189836;190457;191029;191591;192147;192680;193244;193808;194366;194919;195493;196028;196549;197087;197606;198111;198597
"31057 LAVRAS";138134;139996;141687;143270;144771;146204;147560;148808;150039;151253;152420;153653;154892;156102;157322;158573;159739;160881;162056;163196;164297;165361
"31058 SAO JOAO DEL REI";175584;176948;178187;179350;180448;181501;182495;183408;184310;185201;186055;186959;187866;188755;189650;190561;191421;192257;193118;193954;194759;195538
"31059 BARBACENA";211002;212963;214749;216419;218002;219510;220943;222256;223556;224838;226068;227369;228673;229951;231239;232554;233788;234990;236230;237431;238595;239713
"31060 PONTE NOVA";195141;194550;194009;193503;193025;192570;192137;191738;191344;190958;190587;190192;189800;189413;189025;188627;188256;187889;187515;187151;186800;186464
"31061 MANHUACU";256817;259686;262297;264735;267053;269260;271354;273273;275172;277049;278847;280747;282658;284525;286407;288336;290134;291894;293707;295465;297164;298799
"31062 VICOSA";220869;221493;222061;222589;223094;223573;224027;224444;224858;225266;225656;226071;226484;226890;227298;227716;228107;228490;228886;229266;229637;229993
"31063 MURIAE";268262;269928;271444;272861;274206;275492;276707;277821;278923;280012;281057;282162;283270;284355;285448;286567;287610;288635;289688;290707;291697;292645
"31064 UBA";247903;251383;254542;257502;260307;262984;265524;267854;270151;272424;274605;276910;279223;281487;283770;286101;288284;290421;292614;294745;296805;298789
"31065 JUIZ DE FORA";681364;689262;696440;703162;709528;715611;721368;726660;731877;737042;741991;747229;752478;757616;762799;768102;773055;777899;782883;787723;792397;796900
"31066 CATAGUASES";212721;213744;214671;215543;216368;217152;217899;218584;219260;219929;220569;221247;221927;222591;223263;223949;224589;225220;225862;226490;227094;227674
"50001 BAIXO PANTANAL";127496;128921;130293;131677;133077;134474;135838;137126;138450;139821;141167;142338;143533;144728;145941;147176;148366;149540;150728;151897;153045;154169
"50002 AQUIDAUANA";100748;101429;102085;102746;103414;104082;104733;105349;105980;106636;107278;107838;108408;108979;109558;110149;110716;111277;111845;112404;112953;113490
"50003 ALTO TAQUARI";106848;108147;109398;110664;111940;113215;114460;115634;116843;118094;119323;120391;121483;122575;123679;124807;125892;126964;128048;129113;130164;131188
"50004 CAMPO GRANDE";743000;758335;773105;788014;803087;818129;832804;846683;860927;875697;890185;902790;915667;928519;941584;954877;967692;980324;993123;1005705;1018063;1030173
"50005 CASSILANDIA";49556;50955;52304;53664;55041;56413;57753;59019;60321;61668;62990;64141;65316;66490;67683;68896;70065;71218;72386;73535;74663;75769
"50006 PARANAIBA";72624;73173;73702;74236;74776;75314;75840;76337;76846;77376;77895;78347;78808;79267;79736;80212;80670;81122;81581;82032;82475;82908
"50007 TRES LAGOAS";127487;130626;133647;136699;139784;142862;145866;148704;151620;154643;157608;160187;162822;165453;168126;170847;173470;176054;178672;181248;183776;186255
"50008 NOVA ANDRADINA";75587;77092;78539;80002;81480;82953;84394;85754;87151;88600;90021;91257;92520;93780;95061;96366;97621;98861;100115;101350;102562;103749
"50009 BODOQUENA";103059;103496;103914;104338;104766;105193;105609;106004;106408;106829;107239;107598;107964;108329;108698;109078;109441;109800;110164;110518;110869;111215
"50010 DOURADOS";418423;428013;437250;446578;456006;465409;474593;483269;492181;501419;510480;518363;526416;534455;542629;550942;558958;566857;574862;582736;590463;598037
"50011 IGUATEMI";207768;210143;212432;214739;217073;219400;221674;223824;226029;228316;230559;232512;234505;236494;238519;240578;242563;244517;246499;248448;250361;252235
"51001 ARIPUANA";99650;103824;107905;112005;116193;120524;124810;128875;132881;136943;140899;143921;146945;150088;153429;156895;160160;163374;166695;169962;173174;176324
"51002 ALTA FLORESTA";92350;93275;94179;95090;96017;96976;97927;98827;99716;100616;101493;102164;102833;103532;104270;105039;105762;106476;107211;107937;108647;109348
"51003 COLIDER";132951;134374;135768;137167;138597;140075;141537;142924;144292;145678;147028;148060;149090;150164;151304;152486;153600;154699;155830;156946;158041;159118
"51004 PARECIS";63621;66428;69173;71934;74753;77666;80549;83283;85979;88712;91373;93408;95441;97557;99801;102136;104332;106494;108730;110926;113087;115207
"51005 ARINOS";69223;70051;70863;71677;72509;73369;74221;75028;75824;76632;77416;78017;78616;79242;79905;80594;81240;81880;82540;83188;83825;84452
"51006 ALTO TELES PIRES";104246;113475;122504;131580;140843;150418;159902;168893;177751;186737;195489;202172;208863;215814;223202;230871;238089;245201;252549;259773;266875;273852
"51007 SINOP";135572;139808;143952;148114;152367;156760;161115;165238;169303;173426;177442;180512;183581;186770;190160;193680;196992;200255;203627;206941;210202;213402
"51008 PARANATINGA";29367;29807;30237;30670;31112;31568;32022;32450;32873;33303;33718;34039;34356;34689;35041;35407;35753;36090;36444;36785;37125;37456
"51009 NORTE ARAGUAIA";89945;92466;94934;97414;99947;102564;105154;107609;110030;112488;114878;116705;118533;120433;122451;124547;126520;128465;130472;132443;134387;136291
"51010 CANARANA";81209;83287;85319;87362;89446;91603;93741;95761;97756;99780;101750;103256;104761;106326;107989;109715;111341;112941;114596;116224;117821;119393
"51011 MEDIO ARAGUAIA";62480;62916;63342;63769;64207;64659;65105;65529;65948;66372;66785;67100;67417;67745;68093;68454;68796;69130;69477;69818;70154;70482
"51012 ALTO GUAPORE";61051;61901;62734;63568;64421;65302;66176;67002;67817;68645;69452;70067;70682;71322;72002;72708;73373;74028;74703;75369;76023;76665
"51013 TANGARA DA SERRA";115503;118824;122071;125336;128667;132112;135524;138756;141945;145177;148324;150730;153136;155637;158292;161052;163648;166208;168851;171449;174002;176513
"51014 JAURU";108645;108780;108913;109046;109181;109323;109461;109592;109723;109854;109983;110080;110181;110284;110389;110502;110607;110711;110821;110927;111030;111134
"51015 ALTO PARAGUAI";33748;33725;33704;33683;33659;33636;33613;33591;33571;33549;33528;33513;33497;33480;33461;33443;33425;33407;33390;33374;33357;33340
"51016 ROSARIO OESTE";32303;32217;32134;32051;31965;31875;31786;31703;31621;31536;31455;31392;31332;31266;31198;31127;31059;30993;30926;30858;30792;30728
"51017 CUIABA";760920;772123;783082;794097;805342;816963;828485;839391;850149;861054;871676;879794;887911;896350;905316;914626;923392;932021;940943;949712;958331;966799
"51018 ALTO PANTANAL";128174;128936;129682;130429;131193;131984;132763;133505;134233;134974;135695;136247;136799;137373;137980;138613;139206;139794;140400;140997;141581;142157
"51019 PRIMAVERA DO LESTE";59107;61763;64360;66971;69638;72394;75121;77707;80255;82842;85361;87286;89210;91210;93337;95541;97618;99665;101778;103858;105901;107909
"51020 TESOURO";55859;55893;55927;55961;55997;56030;56067;56101;56134;56168;56200;56226;56249;56277;56307;56335;56360;56386;56416;56440;56467;56495
"51021 RONDONOPOLIS";229281;234584;239771;244984;250306;255808;261256;266420;271511;276673;281701;285542;289382;293378;297620;302026;306174;310261;314482;318630;322711;326719
"51022 ALTO ARAGUAIA";24873;25884;26873;27868;28882;29932;30970;31954;32925;33907;34867;35599;36333;37093;37901;38743;39532;40312;41117;41909;42687;43450
"15001 OBIDOS";155001;158558;162049;165521;168975;172382;175803;179164;182482;185707;188763;191189;193546;195833;198137;200446;202625;204766;206970;209139;211269;213367
"15002 SANTAREM";442597;448237;453776;459284;464763;470165;475591;480925;486188;491302;496149;499997;503736;507364;511019;514681;518135;521533;525029;528467;531849;535172
"15003 ALMEIRIM";59163;60220;61257;62288;63314;64326;65342;66341;67326;68285;69192;69913;70613;71293;71976;72663;73310;73946;74600;75244;75877;76500
"15004 PORTEL";98684;102300;105852;109384;112897;116361;119840;123262;126635;129916;133023;135490;137887;140214;142558;144906;147121;149300;151541;153746;155915;158046
"15005 FUROS DE BREVES";170450;174512;178500;182466;186410;190302;194209;198050;201840;205523;209012;211782;214475;217088;219719;222356;224844;227290;229807;232284;234720;237113
"15006 ARARI";121024;124777;128465;132129;135774;139372;142981;146530;150034;153437;156662;159223;161711;164126;166560;168995;171295;173554;175883;178169;180421;182631
"15007 BELEM";1912507;1942124;1971203;2000122;2028879;2057254;2085740;2113744;2141374;2168230;2193676;2213876;2233513;2252561;2271753;2290978;2309111;2326950;2345306;2363360;2381117;2398566
"15008 CASTANHAL";232809;240107;247274;254401;261488;268480;275501;282403;289211;295830;302101;307080;311917;316611;321343;326080;330549;334946;339469;343919;348294;352595
"15009 SALGADO";222009;225283;228494;231692;234866;238002;241150;244245;247295;250264;253075;255306;257477;259582;261702;263826;265830;267800;269829;271823;273785;275714
"15010 BRAGANTINA";338695;344302;349813;355288;360735;366110;371504;376811;382041;387128;391948;395775;399492;403102;406735;410376;413811;417188;420667;424088;427450;430753
"15011 CAMETA";364083;372901;381559;390169;398730;407178;415660;423998;432223;440220;447795;453810;459657;465326;471042;476764;482164;487474;492940;498315;503601;508796
"15012 TOME-ACU";217848;225925;233854;241740;249582;257318;265086;272724;280257;287579;294519;300028;305382;310577;315809;321052;325997;330861;335866;340789;345631;350389
"15013 GUAMA";371464;378839;386078;393279;400442;407503;414599;421570;428451;435136;441473;446504;451391;456134;460914;465700;470216;474655;479227;483723;488143;492488
"15014 ITAITUBA";203660;204807;205936;207056;208171;209270;210375;211460;212531;213572;214558;215340;216101;216840;217583;218330;219033;219724;220435;221135;221823;222500
"15015 ALTAMIRA";232911;237918;242836;247726;252588;257384;262201;266936;271607;276148;280451;283867;287186;290406;293652;296902;299968;302985;306088;309141;312142;315093
"15016 TUCURUI";257354;265722;273936;282106;290231;298248;306294;314206;322012;329601;336788;342494;348043;353424;358847;364276;369400;374440;379626;384726;389741;394673
"15017 PARAGOMINAS";224844;233022;241050;249035;256975;264807;272673;280404;288031;295447;302472;308048;313471;318730;324028;329336;334343;339269;344335;349321;354221;359040
"15018 SAO FELIX DO XINGU";91735;100008;108131;116210;124242;132168;140124;147948;155666;163168;170275;175918;181403;186722;192085;197455;202522;207503;212630;217674;222632;227507
"15019 PARAUAPEBAS";158108;169041;179773;190448;201063;211535;222050;232388;242587;252500;261892;269348;276597;283627;290711;297808;304500;311086;317861;324525;331080;337520
"15020 MARABA";221500;228883;236130;243337;250505;257577;264676;271657;278543;285237;291579;296615;301508;306255;311039;315830;320350;324796;329372;333871;338296;342646
"15021 REDENCAO";172038;173676;175285;176883;178473;180043;181618;183166;184694;186180;187587;188703;189790;190844;191904;192967;193971;194956;195973;196972;197953;198919
"15022 CONCEICAO DO ARAGUAIA";102728;106651;110501;114332;118139;121896;125670;129378;133037;136594;139963;142637;145238;147760;150302;152848;155251;157612;160043;162434;164785;167096
"25001 CATOLE DO ROCHA";109817;110854;111837;112758;113635;114500;115343;116116;116870;117606;118289;118805;119228;119639;120170;120781;121355;121917;122516;123105;123679;124239
"25002 CAJAZEIRAS";160938;162223;163441;164582;165667;166736;167781;168739;169670;170584;171428;172066;172590;173099;173759;174512;175225;175925;176665;177393;178104;178797
"25003 SOUSA";178231;179114;179952;180735;181480;182221;182940;183595;184242;184866;185450;185890;186251;186599;187053;187574;188064;188543;189055;189553;190043;190519
"25004 PATOS";120350;121463;122519;123506;124446;125375;126281;127108;127919;128708;129442;129996;130452;130893;131462;132117;132733;133337;133980;134611;135227;135829
"25005 PIANCO";73710;73517;73334;73163;72999;72838;72680;72539;72397;72261;72132;72036;71957;71880;71782;71669;71562;71459;71346;71237;71129;71026
"25006 ITAPORANGA";84992;85059;85121;85180;85241;85299;85355;85404;85455;85502;85548;85582;85609;85637;85669;85711;85748;85784;85824;85863;85901;85935
"25007 SERRA DO TEIXEIRA";111165;112021;112834;113597;114321;115036;115735;116372;116994;117603;118169;118596;118946;119285;119725;120228;120702;121170;121664;122149;122625;123089
"25008 SERIDO OCIDENTAL PARAIBANO";37611;37882;38140;38382;38611;38838;39057;39260;39457;39652;39830;39966;40075;40182;40322;40481;40632;40780;40937;41092;41242;41388
"25009 SERIDO ORIENTAL PARAIBANO";68623;69443;70221;70950;71643;72328;72995;73605;74203;74785;75325;75732;76070;76392;76814;77298;77751;78197;78672;79134;79590;80034
"25010 CARIRI OCIDENTAL";115986;116942;117851;118705;119513;120312;121094;121804;122502;123182;123816;124292;124683;125063;125554;126120;126650;127170;127724;128265;128799;129316
"25011 CARIRI ORIENTAL";61510;61941;62349;62729;63096;63455;63802;64125;64438;64745;65025;65239;65415;65586;65807;66061;66299;66534;66782;67027;67264;67495
"25012 CURIMATAU OCIDENTAL";111663;112966;114206;115364;116466;117556;118620;119589;120538;121465;122326;122976;123508;124024;124693;125462;126183;126893;127650;128388;129109;129814
"25013 CURIMATAU ORIENTAL";95339;95416;95490;95557;95621;95685;95749;95808;95862;95918;95968;96007;96038;96068;96107;96151;96195;96237;96281;96326;96368;96409
"25014 ESPERANCA";49099;49739;50351;50921;51465;52002;52525;53002;53470;53924;54349;54670;54934;55188;55516;55895;56250;56601;56973;57335;57692;58039
"25015 BREJO PARAIBANO";121809;121355;120923;120519;120134;119754;119385;119046;118714;118392;118093;117866;117679;117501;117266;117001;116750;116501;116237;115979;115731;115483
"25016 GUARABIRA";162424;163111;163765;164378;164963;165537;166100;166612;167115;167603;168060;168404;168685;168958;169312;169720;170100;170476;170875;171265;171646;172022
"25017 CAMPINA GRANDE";474647;479288;483693;487820;491737;495614;499390;502843;506222;509518;512581;514894;516784;518625;521004;523734;526308;528831;531511;534144;536714;539223
"25018 ITABAIANA";109360;109530;109697;109849;109993;110138;110276;110407;110531;110651;110766;110852;110923;110990;111079;111179;111275;111369;111469;111566;111661;111755
"25019 UMBUZEIRO";55864;55748;55639;55538;55440;55343;55250;55165;55080;54998;54923;54865;54817;54772;54713;54645;54583;54520;54453;54388;54322;54262
"25020 LITORAL NORTE";131680;133290;134821;136251;137613;138960;140267;141467;142640;143786;144847;145650;146305;146945;147770;148719;149611;150487;151417;152330;153223;154096
"25021 SAPE";126363;127430;128447;129397;130300;131194;132062;132859;133638;134396;135102;135633;136070;136494;137042;137673;138265;138845;139463;140071;140664;141240
"25022 JOAO PESSOA";891509;911506;930491;948273;965175;981890;998158;1013045;1027613;1041816;1055015;1064987;1073140;1081066;1091320;1103101;1114194;1125063;1136627;1147967;1159054;1169866
"25023 LITORAL SUL";76174;77169;78115;78999;79841;80672;81482;82223;82948;83655;84312;84809;85214;85608;86120;86705;87258;87798;88375;88939;89490;90029
"26001 ARARIPINA";284220;287716;290986;294167;297283;300326;303328;306194;309070;311950;314673;316788;319001;321173;323343;325593;327649;329627;331762;333854;335907;337912
"26002 SALGUEIRO";156101;157277;158378;159446;160496;161517;162528;163493;164457;165427;166344;167055;167799;168531;169258;170016;170708;171372;172090;172795;173486;174159
"26003 PAJEU";304975;306921;308739;310506;312240;313934;315603;317200;318797;320398;321913;323088;324318;325529;326736;327986;329128;330231;331416;332581;333724;334838
"26004 SERTAO DO MOXOTO";189126;192288;195241;198116;200933;203686;206397;208989;211587;214191;216652;218562;220562;222527;224487;226522;228381;230170;232097;233991;235845;237657
"26005 PETROLINA";357591;368646;378982;389042;398893;408517;418004;427070;436162;445266;453877;460562;467556;474431;481286;488402;494900;501160;507907;514528;521016;527356
"26006 ITAPARICA";119506;121554;123467;125329;127153;128934;130691;132369;134052;135738;137332;138570;139866;141137;142407;143725;144925;146086;147333;148561;149762;150937
"26007 VALE DO IPANEMA";167051;169129;171075;172966;174822;176630;178413;180121;181832;183542;185163;186421;187737;189029;190318;191657;192879;194058;195326;196573;197793;198983
"26008 VALE DO IPOJUCA";761855;774454;786234;797700;808925;819894;830708;841040;851400;861778;871590;879208;887184;895012;902830;910937;918342;925481;933167;940713;948109;955332
"26009 ALTO CAPIBARIBE";217835;224981;231665;238171;244541;250761;256895;262756;268636;274523;280090;284413;288936;293378;297812;302413;306614;310661;315022;319304;323497;327598
"26010 MEDIO CAPIBARIBE";257347;257543;257729;257906;258081;258250;258419;258582;258742;258905;259058;259176;259301;259423;259546;259672;259786;259900;260019;260135;260251;260365
"26011 GARANHUNS";423166;426507;429629;432669;435642;438549;441417;444156;446902;449654;452254;454275;456386;458463;460534;462684;464645;466537;468573;470577;472537;474450
"26012 BREJO PERNAMBUCANO";215632;216295;216917;217521;218112;218692;219263;219809;220352;220901;221418;221820;222240;222653;223064;223492;223883;224259;224665;225062;225453;225833
"26013 MATA SETENTRIONAL PERNAMBUCANA";515674;519411;522906;526308;529638;532890;536099;539161;542237;545316;548225;550486;552850;555173;557493;559898;562093;564210;566488;568728;570923;573065
"26014 VITORIA DE SANTO ANTAO";203003;205023;206909;208748;210546;212305;214039;215693;217354;219018;220590;221810;223089;224344;225597;226895;228083;229227;230459;231668;232853;234010
"26015 MATA MERIDIONAL PERNAMBUCANA";520154;526139;531737;537182;542519;547726;552861;557772;562697;567625;572287;575907;579695;583417;587128;590983;594498;597892;601542;605127;608639;612070
"26016 ITAMARACA";136713;140499;144037;147482;150856;154150;157401;160505;163617;166735;169684;171974;174369;176723;179071;181506;183730;185874;188185;190452;192675;194846
"26017 RECIFE";3062821;3094049;3123243;3151660;3179484;3206668;3233467;3259075;3284757;3310474;3334794;3353677;3373436;3392846;3412218;3432314;3450665;3468350;3487401;3506109;3524437;3542345
"26018 SUAPE";221961;227688;233042;238253;243355;248340;253254;257951;262660;267376;271836;275298;278923;282481;286034;289720;293085;296328;299821;303252;306613;309897
"26019 FERNANDO DE NORONHA";2103;2171;2234;2295;2355;2414;2472;2527;2583;2638;2691;2732;2775;2817;2858;2902;2942;2980;3021;3061;3101;3140
"22001 BAIXO PARNAIBA PIAUIENSE";311880;315413;318617;321403;324010;326629;329130;331405;333515;335429;337216;338176;339095;339846;340591;341446;342250;343036;343897;344711;345487;346220
"22002 LITORAL PIAUIENSE";281299;285508;289327;292645;295750;298875;301855;304565;307083;309364;311494;312642;313733;314631;315519;316543;317502;318441;319464;320438;321364;322237
"22003 TERESINA";903223;919971;935153;948352;960711;973138;984993;995767;1005774;1014847;1023313;1027869;1032214;1035780;1039296;1043364;1047168;1050906;1054967;1058840;1062514;1065987
"22004 CAMPO MAIOR";217119;218308;219389;220325;221203;222085;222926;223693;224404;225046;225649;225973;226280;226535;226782;227075;227343;227610;227896;228172;228434;228680
"22005 MEDIO PARNAIBA PIAUIENSE";128225;128958;129621;130199;130737;131278;131798;132269;132707;133100;133471;133671;133860;134016;134171;134346;134513;134677;134853;135025;135185;135335
"22006 VALENCA DO PIAUI";106313;106363;106409;106452;106486;106526;106561;106595;106624;106654;106679;106693;106706;106715;106730;106740;106752;106764;106776;106786;106797;106810
"22007 ALTO PARNAIBA PIAUIENSE";37566;38553;39448;40226;40955;41688;42386;43022;43611;44146;44645;44914;45169;45380;45587;45828;46051;46271;46511;46738;46956;47161
"22008 BERTOLINIA";39593;39881;40139;40368;40578;40791;40997;41180;41352;41508;41653;41732;41806;41867;41929;41997;42063;42126;42195;42261;42327;42384
"22009 FLORIANO";122634;122886;123114;123312;123499;123685;123863;124023;124174;124309;124438;124507;124571;124626;124678;124741;124796;124853;124915;124973;125026;125080
"22010 ALTO MEDIO GURGUEIA";79439;80936;82294;83472;84577;85689;86748;87711;88604;89416;90173;90581;90969;91287;91602;91965;92305;92639;93003;93348;93676;93988
"22011 SAO RAIMUNDO NONATO";124642;126551;128284;129790;131199;132617;133971;135199;136340;137374;138341;138861;139355;139762;140163;140628;141060;141490;141953;142395;142812;143209
"22012 CHAPADAS DO EXTREMO SUL PIAUIENSE";78482;79328;80096;80763;81388;82017;82614;83160;83668;84123;84552;84781;85002;85183;85360;85566;85758;85946;86152;86346;86533;86709
"22013 PICOS";190615;192539;194283;195805;197226;198652;200016;201252;202405;203447;204420;204943;205443;205855;206259;206727;207163;207592;208061;208504;208926;209325
"22014 PIO IX";54099;54825;55482;56053;56588;57125;57638;58106;58540;58932;59298;59494;59683;59838;59991;60166;60330;60493;60669;60837;60993;61144
"22015 ALTO MEDIO CANINDE";248452;251185;253664;255820;257829;259862;261799;263558;265189;266672;268053;268798;269507;270086;270662;271327;271945;272556;273219;273853;274450;275021
"41001 PARANAVAI";263542;265141;266587;267922;269177;270436;271665;272802;273930;275079;276208;277431;278638;279878;281167;282482;283736;284969;286223;287446;288640;289801
"41002 UMUARAMA";263648;264499;265269;265979;266647;267316;267971;268575;269175;269786;270389;271039;271683;272344;273029;273727;274393;275053;275719;276371;277003;277623
"41003 CIANORTE";127966;130149;132129;133956;135671;137391;139068;140622;142163;143735;145280;146949;148604;150296;152064;153856;155571;157257;158969;160642;162273;163861
"41004 GOIOERE";132342;130671;129153;127757;126443;125125;123841;122654;121472;120269;119085;117807;116540;115243;113891;112519;111207;109915;108605;107321;106072;104858
"41005 CAMPO MOURAO";221917;221890;221871;221847;221829;221811;221789;221773;221755;221736;221718;221699;221680;221660;221642;221620;221600;221582;221559;221542;221523;221505
"41006 ASTORGA";177214;178524;179708;180801;181830;182860;183865;184795;185721;186658;187586;188584;189577;190591;191649;192724;193752;194762;195785;196789;197766;198717
"41007 PORECATU";85174;85049;84937;84834;84735;84637;84542;84453;84366;84276;84189;84094;84000;83905;83804;83702;83605;83508;83410;83316;83222;83131
"41008 FLORAI";34667;34757;34840;34917;34989;35059;35130;35194;35258;35323;35388;35459;35527;35597;35670;35744;35817;35887;35958;36028;36096;36163
"41009 MARINGA";460836;472241;482586;492120;501082;510068;518831;526953;535003;543199;551280;559996;568642;577493;586716;596077;605034;613846;622791;631531;640052;648342
"41010 APUCARANA";256633;261181;265311;269114;272692;276276;279774;283015;286227;289497;292721;296200;299651;303179;306861;310596;314170;317688;321255;324742;328142;331449
"41011 LONDRINA";652974;663826;673676;682748;691278;699828;708169;715899;723559;731360;739050;747344;755574;763997;772774;781682;790209;798593;807107;815425;823534;831424
"41012 FAXINAL";48948;48739;48548;48373;48207;48042;47881;47731;47584;47433;47284;47123;46965;46802;46633;46460;46296;46134;45969;45807;45650;45498
"41013 IVAIPORA";152786;151224;149807;148501;147275;146042;144844;143731;142629;141505;140399;139204;138023;136808;135545;134263;133037;131830;130606;129407;128243;127106
"41014 ASSAI";75030;74723;74445;74186;73948;73705;73468;73249;73034;72813;72595;72360;72128;71889;71640;71389;71148;70911;70669;70435;70206;69982
"41015 CORNELIO PROCOPIO";187340;186389;185527;184735;183985;183238;182509;181831;181160;180477;179804;179079;178358;177619;176852;176072;175326;174591;173847;173119;172408;171717
"41016 JACAREZINHO";122218;122569;122888;123181;123458;123733;124003;124254;124502;124753;125002;125270;125537;125808;126093;126383;126656;126927;127204;127472;127734;127991
"41017 IBAITI";76068;76426;76749;77050;77330;77613;77888;78142;78395;78652;78906;79179;79451;79730;80018;80312;80593;80869;81150;81425;81691;81951
"41018 WENCESLAU BRAZ";99569;99729;99873;100007;100132;100260;100381;100496;100608;100724;100836;100959;101081;101203;101332;101464;101589;101713;101838;101960;102080;102196
"41019 TELEMACO BORBA";149587;151176;152619;153946;155195;156446;157667;158798;159919;161061;162187;163401;164605;165840;167124;168429;169677;170904;172151;173367;174554;175708
"41020 JAGUARIAIVA";96144;96919;97622;98269;98880;99490;100086;100639;101187;101744;102293;102886;103474;104075;104701;105339;105947;106547;107154;107750;108329;108892
"41021 PONTA GROSSA";391311;397270;402677;407660;412342;417038;421619;425862;430069;434352;438575;443130;447648;452273;457092;461984;466666;471270;475944;480512;484964;489297
"41022 TOLEDO";351220;355520;359421;363019;366398;369787;373094;376157;379194;382283;385332;388620;391880;395217;398698;402228;405606;408930;412304;415601;418813;421939
"41023 CASCAVEL";404105;408837;413131;417084;420802;424533;428166;431538;434878;438277;441630;445246;448835;452505;456333;460218;463933;467589;471299;474925;478462;481900
"41024 FOZ DO IGUACU";408258;409357;410352;411270;412135;412999;413844;414626;415399;416191;416969;417809;418641;419493;420381;421284;422145;422996;423858;424700;425519;426315
"41025 CAPANEMA";95894;96058;96208;96344;96474;96602;96728;96845;96961;97080;97196;97321;97446;97573;97707;97841;97970;98098;98226;98351;98474;98594
"41026 FRANCISCO BELTRAO";233124;234905;236523;238013;239413;240817;242187;243456;244713;245995;247256;248616;249971;251350;252792;254256;255656;257033;258430;259793;261127;262422
"41027 PATO BRANCO";153979;155069;156055;156965;157819;158678;159512;160287;161056;161837;162609;163441;164265;165110;165991;166885;167738;168579;169431;170267;171079;171870
"41028 PITANGA";86408;85220;84139;83145;82211;81273;80361;79515;78674;77819;76976;76067;75165;74244;73280;72305;71370;70452;69520;68608;67719;66855
"41029 GUARAPUAVA";372504;374203;375749;377174;378507;379847;381156;382367;383570;384793;385999;387299;388591;389910;391285;392681;394020;395332;396668;397970;399242;400481
"41030 PALMAS";86599;87291;87920;88499;89044;89589;90121;90615;91104;91602;92092;92622;93147;93684;94244;94812;95358;95893;96436;96967;97484;97987
"41031 PRUDENTOPOLIS";119764;121157;122420;123584;124679;125775;126846;127839;128820;129823;130808;131872;132927;134009;135135;136279;137370;138448;139540;140608;141649;142661
"41032 IRATI";93652;94377;95033;95639;96208;96778;97335;97851;98362;98883;99396;99950;100499;101061;101646;102241;102811;103369;103937;104492;105033;105560
"41033 UNIAO DA VITORIA";114025;114666;115247;115782;116286;116789;117283;117740;118192;118652;119107;119596;120082;120578;121098;121622;122126;122621;123124;123616;124095;124559
"41034 SAO MATEUS DO SUL";57633;58380;59059;59682;60270;60859;61432;61964;62491;63028;63558;64129;64695;65275;65879;66492;67079;67656;68243;68815;69373;69917
"41035 CERRO AZUL";30007;29958;29914;29873;29835;29797;29759;29725;29690;29655;29621;29585;29548;29509;29470;29429;29391;29355;29317;29278;29242;29206
"41036 LAPA";47530;47896;48228;48534;48822;49111;49392;49653;49912;50174;50434;50714;50992;51276;51572;51872;52160;52443;52730;53011;53284;53550
"41037 CURITIBA";2720463;2771028;2816909;2859180;2898921;2938759;2977624;3013635;3049329;3085675;3121502;3160147;3198489;3237728;3278628;3320134;3359856;3398928;3438591;3477344;3515126;3551884
"41038 PARANAGUA";241017;244758;248155;251282;254224;257172;260048;262713;265355;268042;270695;273555;276392;279296;282322;285396;288334;291225;294160;297029;299824;302544
"41039 RIO NEGRO";81343;82602;83743;84794;85783;86774;87742;88638;89524;90430;91321;92284;93236;94214;95231;96263;97251;98224;99210;100175;101113;102028
"33001 ITAPERUNA";183994;185743;187354;188898;190422;191898;193315;194696;196099;197527;198943;199911;200906;201908;202947;204037;205043;206027;207054;208046;209005;209926
"33002 SANTO ANTONIO DE PADUA";120583;121074;121524;121957;122383;122797;123193;123581;123974;124375;124771;125042;125320;125602;125893;126197;126480;126754;127043;127322;127591;127847
"33003 CAMPOS DOS GOYTACAZES";537338;544609;551307;557727;564064;570201;576094;581839;587661;593609;599495;603520;607660;611820;616143;620667;624863;628945;633215;637347;641332;645155
"33004 MACAE";177592;188011;197609;206810;215891;224685;233130;241361;249704;258226;266661;272433;278360;284322;290517;297000;303011;308861;314980;320901;326611;332091
"33005 TRES RIOS";147750;149037;150221;151357;152479;153565;154609;155626;156656;157708;158750;159461;160195;160932;161695;162496;163240;163962;164718;165450;166154;166832
"33006 CANTAGALO-CORDEIRO";59817;60310;60764;61198;61629;62042;62443;62831;63227;63630;64028;64301;64581;64863;65156;65462;65745;66022;66312;66592;66862;67122
"33007 NOVA FRIBURGO";225663;227083;228390;229643;230882;232081;233230;234353;235490;236651;237800;238586;239393;240205;241050;241933;242754;243551;244384;245192;245969;246715
"33008 SANTA MARIA MADALENA";29584;29642;29696;29747;29798;29848;29895;29941;29988;30035;30083;30115;30148;30182;30217;30253;30286;30320;30354;30387;30419;30449
"33009 BACIA DE SAO JOAO";81684;91495;100533;109198;117748;126029;133982;141732;149590;157613;165556;170991;176572;182186;188020;194126;199787;205295;211057;216632;222008;227168
"33010 LAGOS";391349;409796;426794;443083;459163;474733;489687;504262;519035;534124;549059;559277;569776;580331;591299;602777;613424;623781;634615;645100;655210;664911
"33011 VALE DO PARAIBA FLUMINENSE";637118;643690;649745;655550;661276;666822;672151;677345;682608;687982;693302;696941;700683;704443;708350;712439;716233;719921;723782;727517;731120;734576
"33012 BARRA DO PIRAI";166189;167643;168982;170265;171531;172758;173936;175084;176248;177438;178614;179419;180247;181078;181942;182846;183685;184501;185354;186181;186977;187742
"33013 BAIA DA ILHA GRANDE";152230;159117;165460;171542;177544;183355;188938;194378;199893;205526;211100;214914;218832;222773;226868;231153;235127;238993;243037;246950;250724;254346
"33014 VASSOURAS";153774;155321;156750;158118;159467;160774;162027;163252;164493;165758;167013;167872;168752;169637;170559;171523;172416;173286;174195;175076;175924;176738
"33015 SERRANA";454013;458124;461914;465546;469130;472602;475936;479185;482476;485841;489170;491448;493788;496141;498587;501146;503519;505829;508243;510580;512834;514996
"33016 MACACU-CACERIBU";100643;101986;103228;104414;105585;106720;107810;108873;109949;111050;112137;112883;113648;114417;115217;116055;116830;117585;118374;119138;119876;120582
"33017 ITAGUAI";176172;182252;187852;193221;198520;203653;208581;213383;218253;223226;228148;231516;234975;238454;242068;245851;249360;252775;256345;259799;263131;266329
"33018 RIO DE JANEIRO";10928389;11033689;11130695;11223681;11315453;11404324;11489672;11572858;11657193;11743315;11828558;11886878;11946791;12007050;12069656;12135177;12195935;12255057;12316898;12376733;12434442;12489824
"24001 MOSSORO";282653;289132;295276;301235;307014;312862;318615;324010;329444;334975;340232;344916;349575;354075;358558;363131;367453;371592;375810;379953;384018;387999
"24002 CHAPADA DO APODI";72253;72460;72655;72846;73030;73217;73401;73574;73747;73922;74091;74240;74389;74533;74676;74822;74960;75092;75226;75360;75488;75616
"24003 MEDIO OESTE";38099;38305;38499;38688;38873;39059;39241;39413;39585;39760;39927;40077;40223;40367;40510;40654;40791;40923;41057;41188;41318;41443
"24004 VALE DO ACU";128236;129978;131631;133234;134789;136362;137908;139361;140821;142309;143724;144984;146238;147447;148653;149885;151046;152158;153296;154407;155501;156572
"24005 SERRA DE SAO MIGUEL";60215;60660;61085;61494;61892;62295;62691;63062;63437;63817;64179;64503;64821;65132;65441;65754;66053;66339;66628;66914;67194;67468
"24006 PAU DOS FERROS";115485;115640;115788;115929;116068;116206;116344;116474;116605;116737;116862;116971;117084;117193;117301;117410;117513;117614;117712;117812;117909;118003
"24007 UMARIZAL";65832;65903;65969;66034;66098;66161;66223;66283;66342;66404;66460;66511;66563;66612;66661;66711;66756;66802;66848;66892;66939;66981
"24008 MACAU";45915;46823;47685;48519;49330;50151;50954;51712;52474;53248;53986;54644;55295;55928;56554;57196;57801;58382;58974;59555;60125;60683
"24009 ANGICOS";52354;52367;52380;52393;52403;52416;52426;52436;52447;52458;52469;52478;52488;52497;52506;52515;52523;52531;52539;52550;52557;52565
"24010 SERRA DE SANTANA";62376;62436;62495;62552;62608;62664;62718;62768;62821;62872;62922;62968;63011;63053;63095;63139;63179;63219;63260;63299;63338;63374
"24011 SERIDO OCIDENTAL";92063;92944;93780;94591;95377;96173;96956;97690;98428;99181;99896;100535;101167;101779;102389;103011;103600;104162;104736;105299;105853;106393
"24012 SERIDO ORIENTAL";117730;118158;118563;118955;119336;119721;120100;120457;120814;121179;121525;121833;122140;122438;122734;123034;123318;123591;123872;124144;124410;124673
"24013 BAIXA VERDE";58422;59059;59662;60249;60816;61388;61956;62485;63019;63562;64079;64537;64998;65438;65879;66328;66753;67160;67574;67980;68381;68772
"24014 BORBOREMA POTIGUAR";127862;128879;129844;130782;131690;132608;133512;134361;135215;136082;136908;137645;138378;139083;139789;140508;141186;141837;142498;143150;143789;144411
"24015 AGRESTE POTIGUAR";211664;214318;216838;219278;221645;224040;226399;228609;230833;233101;235255;237174;239082;240926;242764;244637;246405;248104;249832;251528;253196;254824
"24016 LITORAL NORDESTE";77286;78260;79185;80082;80952;81830;82696;83508;84326;85157;85948;86653;87353;88030;88705;89393;90041;90666;91300;91925;92534;93134
"24017 MACAIBA";247658;253020;258106;263036;267822;272660;277422;281888;286385;290961;295313;299190;303047;306769;310480;314266;317842;321269;324758;328190;331553;334847
"24018 NATAL";880186;899763;918326;936328;953792;971460;988843;1005144;1021559;1038274;1054157;1068311;1082387;1095978;1109526;1123346;1136401;1148911;1161655;1174174;1186452;1198480
"24019 LITORAL SUL";116746;118464;120091;121670;123203;124752;126277;127708;129146;130611;132006;133245;134481;135674;136863;138074;139222;140317;141435;142533;143610;144665
"11001 PORTO VELHO";421783;438210;453346;467365;480873;494129;506965;519053;530695;541951;552845;566376;579974;593616;607539;621709;635289;648881;662715;676286;689580;702588
"11002 GUAJARA-MIRIM";60552;62115;63556;64890;66175;67437;68658;69809;70917;71988;73024;74311;75606;76904;78229;79577;80869;82163;83480;84771;86035;87273
"11003 ARIQUEMES";141979;146131;149961;153505;156921;160272;163519;166573;169519;172364;175119;178542;181979;185430;188949;192532;195966;199403;202900;206332;209694;212983
"11004 JI-PARANA";310623;309582;308623;307733;306877;306037;305224;304458;303719;303007;302316;301458;300598;299733;298850;297950;297090;296229;295352;294493;293651;292827
"11005 ALVORADA D'OESTE";74006;73731;73478;73243;73017;72796;72580;72378;72183;71995;71812;71585;71357;71129;70897;70660;70432;70204;69972;69746;69523;69304
"11006 CACOAL";230085;230512;230909;231274;231626;231971;232307;232623;232925;233218;233503;233856;234211;234565;234930;235297;235654;236009;236369;236722;237069;237408
"11007 VILHENA";108102;111567;114762;117719;120568;123366;126076;128625;131080;133456;135754;138609;141477;144355;147293;150284;153147;156016;158934;161798;164604;167348
"11008 COLORADO DO OESTE";61888;60931;60051;59234;58449;57679;56930;56228;55550;54895;54261;53473;52682;51888;51079;50254;49464;48673;47867;47077;46304;45547
"14001 BOA VISTA";237130;246030;254726;263472;272534;281320;290055;299053;308208;317392;326455;334090;341743;349413;357176;365407;374904;392589;418986;444920;467130;485509
"14002 NORDESTE DE RORAIMA";30662;31886;33081;34283;35529;36736;37937;39174;40432;41694;42941;43990;45042;46096;47163;48225;49293;50387;51495;52593;53677;54744
"14003 CARACARAI";31152;32299;33419;34547;35713;36846;37971;39131;40310;41494;42662;43646;44631;45621;46621;47618;48617;49646;50692;51729;52751;53754
"14004 SUDESTE DE RORAIMA";34412;35643;36845;38054;39307;40522;41730;42973;44239;45508;46762;47817;48874;49936;51010;52078;53153;54263;55395;56519;57623;58706
"43001 SANTA ROSA";164517;163902;163389;162938;162507;162087;161719;161417;161124;160816;160526;160167;159788;159406;159012;158597;158200;157830;157463;157111;156774;156452
"43002 TRES PASSOS";153523;152483;151614;150850;150123;149415;148798;148287;147789;147269;146779;146176;145536;144887;144221;143524;142847;142221;141605;141009;140441;139894
"43003 FREDERICO WESTPHALEN";188127;186599;185317;184195;183121;182082;181169;180414;179681;178922;178196;177307;176366;175407;174427;173401;172404;171482;170577;169698;168859;168055
"43004 ERECHIM";216975;216829;216709;216598;216495;216399;216311;216238;216169;216094;216026;215939;215851;215765;215664;215568;215472;215383;215299;215216;215135;215057
"43005 SANANDUVA";63684;63408;63177;62973;62780;62591;62426;62292;62158;62020;61890;61728;61558;61386;61210;61024;60843;60676;60515;60355;60203;60058
"43006 CERRO LARGO";71271;70683;70189;69757;69343;68942;68591;68300;68017;67722;67444;67101;66738;66370;65992;65597;65214;64857;64509;64171;63845;63537
"43007 SANTO ANGELO";212599;210814;209317;208009;206756;205540;204474;203595;202740;201848;201006;199965;198867;197753;196608;195406;194245;193167;192106;191083;190107;189169
"43008 IJUI";183069;183785;184386;184910;185417;185905;186331;186683;187027;187385;187723;188140;188580;189030;189488;189970;190437;190870;191294;191705;192099;192477
"43009 CARAZINHO";161858;162074;162256;162411;162562;162710;162840;162945;163047;163156;163258;163385;163516;163651;163787;163932;164073;164201;164332;164455;164574;164687
"43010 PASSO FUNDO";305303;309779;313537;316822;319968;323019;325684;327894;330040;332280;334394;337005;339757;342559;345429;348443;351358;354062;356719;359285;361746;364095
"43011 CRUZ ALTA";158703;157876;157184;156578;155999;155435;154944;154536;154141;153728;153337;152853;152350;151830;151301;150745;150208;149708;149220;148745;148290;147857
"43012 NAO-ME-TOQUE";42029;42192;42331;42451;42565;42676;42776;42856;42933;43016;43093;43189;43289;43393;43497;43606;43713;43812;43910;44004;44094;44179
"43013 SOLEDADE";73510;73434;73371;73315;73261;73210;73163;73127;73091;73053;73017;72972;72927;72878;72830;72779;72730;72684;72638;72595;72552;72513
"43014 GUAPORE";117804;119674;121248;122615;123931;125205;126319;127245;128141;129075;129959;131052;132199;133370;134569;135828;137047;138176;139288;140356;141389;142370
"43015 VACARIA";156553;157177;157698;158156;158593;159020;159388;159699;159996;160308;160601;160967;161349;161738;162140;162557;162960;163340;163709;164068;164409;164735
"43016 CAXIAS DO SUL";665626;684073;699558;713092;726051;738630;749627;758733;767569;776793;785512;796273;807620;819166;830987;843401;855417;866559;877518;888088;898229;907916
"43017 SANTIAGO";113206;113171;113138;113109;113084;113060;113037;113019;113001;112982;112965;112945;112920;112897;112874;112848;112824;112802;112781;112759;112737;112720
"43018 SANTA MARIA";355824;358085;359983;361640;363228;364772;366117;367232;368317;369445;370514;371832;373222;374637;376086;377607;379081;380444;381788;383082;384326;385512
"43019 RESTINGA SECA";67533;67074;66689;66350;66029;65713;65441;65213;64993;64764;64546;64276;63992;63708;63413;63105;62803;62526;62254;61990;61736;61497
"43020 SANTA CRUZ DO SUL";304017;307533;310487;313069;315540;317938;320035;321771;323456;325215;326878;328930;331093;333297;335551;337916;340207;342333;344424;346436;348371;350219
"43021 LAJEADO-ESTRELA";282280;286831;290655;293996;297191;300296;303009;305258;307437;309711;311865;314522;317318;320172;323089;326151;329117;331868;334571;337180;339682;342070
"43022 CACHOEIRA DO SUL";160155;159535;159014;158560;158126;157703;157334;157028;156730;156422;156128;155766;155385;154998;154601;154183;153780;153405;153037;152683;152342;152017
"43023 MONTENEGRO";180791;184779;188125;191050;193853;196569;198945;200913;202822;204815;206701;209028;211479;213974;216532;219210;221808;224217;226588;228872;231062;233154
"43024 GRAMADO-CANELA";264705;270575;275500;279804;283927;287933;291424;294324;297135;300068;302843;306264;309873;313549;317308;321259;325080;328624;332114;335471;338699;341781
"43025 SAO JERONIMO";134257;136151;137744;139133;140463;141758;142887;143821;144729;145677;146573;147679;148845;150030;151245;152520;153755;154899;156025;157111;158153;159147
"43026 PORTO ALEGRE";3487591;3520703;3548494;3572786;3596050;3618621;3638365;3654705;3670564;3687121;3702770;3722087;3742451;3763174;3784389;3806673;3828239;3848243;3867904;3886878;3905087;3922467
"43027 OSORIO";291054;299846;307229;313681;319859;325854;331097;335438;339649;344046;348204;353336;358740;364245;369882;375800;381527;386842;392066;397104;401937;406554
"43028 CAMAQUA";125934;127042;127974;128788;129566;130322;130984;131531;132063;132616;133141;133787;134470;135165;135876;136622;137343;138013;138673;139308;139917;140499
"43029 CAMPANHA OCIDENTAL";387276;384891;382889;381138;379462;377837;376414;375237;374094;372901;371773;370382;368914;367421;365894;364287;362733;361292;359877;358508;357196;355945
"43030 CAMPANHA CENTRAL";197711;196335;195180;194170;193204;192265;191445;190766;190107;189418;188768;187966;187119;186258;185376;184449;183554;182722;181904;181116;180360;179637
"43031 CAMPANHA MERIDIONAL";175805;176050;176256;176435;176608;176776;176921;177042;177160;177281;177398;177541;177692;177845;178002;178167;178327;178476;178620;178761;178896;179025
"43032 SERRAS DE SUDESTE";118475;118529;118575;118615;118652;118690;118724;118749;118774;118803;118828;118859;118892;118926;118961;119000;119034;119069;119098;119130;119160;119188
"43033 PELOTAS";482052;483719;485119;486343;487514;488652;489644;490468;491266;492101;492888;493861;494885;495931;497000;498120;499207;500215;501204;502159;503075;503951
"43034 JAGUARAO";57122;56680;56309;55985;55674;55373;55110;54893;54681;54459;54251;53993;53722;53445;53163;52865;52578;52310;52048;51794;51552;51319
"43035 LITORAL LAGUNAR";253367;255158;256660;257974;259231;260451;261518;262400;263259;264153;265000;266044;267145;268266;269413;270617;271782;272865;273927;274953;275939;276877
"42001 SAO MIGUEL DO OESTE";175235;175499;175746;175987;176232;176476;176721;176952;177188;177427;177664;177912;178158;178411;178663;178920;179173;179428;179684;179933;180176;180415
"42002 CHAPECO";369926;374457;378741;382916;387102;391347;395527;399565;403629;407757;411843;416105;420417;424722;429060;433502;437927;442302;446674;450981;455210;459354
"42003 XANXERE";145709;146716;147666;148593;149523;150466;151397;152291;153193;154112;155018;155964;156923;157877;158839;159828;160810;161782;162754;163708;164649;165567
"42004 JOACABA";310170;312517;314735;316895;319062;321259;323426;325520;327623;329759;331876;334083;336319;338546;340793;343091;345386;347646;349912;352143;354332;356478
"42005 CONCORDIA";141048;141407;141746;142078;142410;142745;143073;143394;143715;144043;144366;144704;145045;145385;145729;146082;146430;146777;147120;147463;147798;148127
"42006 CANOINHAS";238038;239096;240096;241070;242048;243038;244011;244957;245903;246868;247821;248815;249823;250826;251838;252877;253906;254929;255950;256956;257942;258908
"42007 SAO BENTO DO SUL";117505;118695;119820;120915;122014;123129;124226;125288;126354;127439;128511;129630;130763;131893;133032;134198;135360;136508;137656;138787;139897;140986
"42008 JOINVILLE";695513;712957;729458;745511;761626;777967;794056;809615;825251;841145;856877;873284;889897;906461;923157;940258;957289;974120;990965;1007538;1023817;1039773
"42009 CURITIBANOS";119979;120493;120980;121452;121928;122409;122884;123341;123801;124270;124735;125218;125708;126196;126689;127192;127694;128191;128688;129176;129657;130127
"42010 CAMPOS DE LAGES";291724;291416;291125;290840;290555;290267;289984;289708;289432;289151;288872;288582;288289;287995;287700;287398;287097;286798;286503;286208;285922;285639
"42011 RIO DO SUL";186936;189254;191449;193585;195724;197900;200037;202106;204183;206296;208387;210568;212776;214977;217199;219471;221736;223972;226211;228414;230580;232699
"42012 BLUMENAU";560441;574295;587400;600146;612945;625921;638700;651053;663471;676092;688586;701619;714805;727959;741218;754803;768329;781697;795067;808228;821159;833831
"42013 ITAJAI";414474;432425;449401;465919;482499;499314;515871;531878;547969;564320;580507;597391;614480;631522;648704;666301;683825;701143;718473;735527;752278;768696
"42014 ITUPORANGA";52491;52945;53375;53794;54213;54639;55058;55464;55870;56285;56695;57122;57554;57987;58421;58868;59311;59751;60189;60620;61044;61461
"42015 TIJUCAS";71534;73904;76143;78323;80511;82730;84916;87027;89153;91311;93446;95676;97929;100178;102447;104770;107081;109367;111654;113904;116115;118282
"42016 FLORIANOPOLIS";727578;745457;762370;778823;795337;812089;828579;844526;860554;876842;892966;909785;926807;943784;960899;978428;995882;1013135;1030397;1047383;1064067;1080425
"42017 TABULEIRO";23126;23255;23379;23499;23618;23740;23861;23976;24093;24212;24329;24452;24575;24699;24823;24951;25077;25203;25328;25453;25574;25693
"42018 TUBARAO";345148;349037;352717;356295;359894;363537;367124;370596;374081;377627;381135;384797;388500;392194;395915;399730;403530;407282;411040;414736;418365;421924
"42019 CRICIUMA";333099;337693;342036;346262;350506;354808;359045;363142;367259;371442;375585;379904;384278;388639;393037;397540;402022;406454;410890;415254;419540;423741
"42020 ARARANGUA";163977;166124;168155;170130;172113;174125;176105;178019;179943;181901;183836;185857;187897;189935;191991;194098;196193;198264;200339;202376;204380;206347
"28001 SERGIPANA DO SERTAO DO SAO FRANCISCO";138412;140759;142914;145020;147080;149117;151184;153184;155160;157120;158984;160626;162252;163834;165421;167030;168549;170042;171605;173135;174628;176089
"28002 CARIRA";63134;63922;64645;65353;66042;66727;67422;68091;68755;69414;70039;70591;71136;71668;72201;72739;73249;73751;74275;74788;75289;75781
"28003 NOSSA SENHORA DAS DORES";59457;59995;60490;60971;61444;61911;62385;62843;63297;63746;64173;64550;64923;65284;65650;66017;66366;66708;67068;67416;67759;68093
"28004 AGRESTE DE ITABAIANA";147888;149657;151285;152875;154428;155966;157525;159034;160526;162003;163410;164651;165878;167069;168267;169482;170627;171755;172934;174087;175215;176317
"28005 TOBIAS BARRETO";102458;103400;104266;105111;105939;106758;107587;108390;109185;109972;110720;111379;112033;112668;113304;113951;114561;115162;115788;116403;117003;117588
"28006 AGRESTE DE LAGARTO";105222;106506;107685;108836;109963;111077;112208;113301;114383;115454;116473;117372;118261;119126;119994;120873;121704;122522;123376;124213;125030;125828
"28007 PROPRIA";89979;90314;90622;90923;91217;91510;91806;92089;92375;92653;92920;93154;93387;93615;93840;94070;94286;94501;94724;94943;95157;95366
"28008 COTINGUIBA";41349;42079;42751;43406;44047;44681;45325;45948;46562;47172;47752;48264;48769;49261;49756;50256;50729;51196;51680;52157;52622;53077
"28009 JAPARATUBA";50179;50815;51402;51974;52533;53086;53648;54191;54728;55260;55766;56212;56654;57084;57514;57951;58363;58769;59194;59609;60016;60412
"28010 BAIXO COTINGUIBA";78648;80104;81440;82747;84025;85288;86571;87811;89038;90253;91409;92429;93436;94418;95403;96399;97342;98269;99239;100189;101115;102020
"28011 ARACAJU";693604;711681;728291;744520;760383;776077;792010;807410;822649;837740;852096;864762;877282;889466;901700;914076;925792;937307;949342;961120;972637;983876
"28012 BOQUIM";148537;149657;150684;151690;152673;153644;154631;155585;156528;157462;158352;159137;159911;160668;161424;162190;162915;163629;164375;165104;165816;166512
"28013 ESTANCIA";112232;113807;115253;116667;118049;119415;120803;122144;123471;124786;126036;127139;128230;129291;130356;131434;132455;133457;134506;135532;136535;137515
"35001 JALES";149331;149738;150120;150488;150851;151210;151562;151901;152244;152596;152944;153267;153591;153914;154235;154567;154884;155190;155497;155797;156088;156371
"35002 FERNANDOPOLIS";102245;102810;103339;103846;104350;104849;105333;105804;106281;106768;107250;107696;108147;108595;109038;109496;109936;110362;110787;111202;111604;111998
"35003 VOTUPORANGA";128498;130132;131662;133130;134582;136029;137435;138796;140178;141583;142979;144269;145570;146864;148152;149476;150751;151980;153210;154410;155580;156716
"35004 SAO JOSE DO RIO PRETO";683000;694251;704783;714892;724895;734859;744544;753914;763419;773109;782719;791602;800568;809461;818355;827452;836240;844704;853170;861433;869487;877311
"35005 CATANDUVA";205564;207986;210251;212429;214580;216726;218809;220828;222875;224959;227028;228939;230870;232785;234698;236657;238548;240371;242192;243970;245705;247389
"35006 AURIFLAMA";45087;45362;45619;45869;46112;46358;46595;46824;47056;47295;47530;47748;47967;48185;48402;48625;48842;49049;49257;49459;49654;49847
"35007 NHANDEARA";59978;60767;61506;62217;62920;63618;64296;64957;65624;66304;66978;67602;68233;68856;69480;70120;70736;71330;71925;72503;73067;73619
"35008 NOVO HORIZONTE";73275;74171;75009;75813;76609;77402;78173;78920;79677;80447;81212;81918;82632;83341;84047;84772;85472;86145;86819;87478;88118;88740
"35009 BARRETOS";128855;129984;131043;132058;133063;134064;135037;135977;136932;137905;138870;139762;140663;141555;142448;143363;144245;145095;145945;146776;147584;148370
"35010 SAO JOAQUIM DA BARRA";194077;196629;199018;201313;203583;205844;208039;210166;212322;214521;216701;218715;220752;222768;224786;226850;228844;230764;232686;234560;236388;238162
"35011 ITUVERAVA";91192;91973;92704;93407;94101;94792;95464;96115;96774;97448;98114;98730;99353;99970;100589;101219;101830;102416;103005;103577;104136;104680
"35012 FRANCA";356719;361198;365392;369417;373399;377367;381221;384952;388737;392594;396419;399955;403525;407065;410607;414230;417726;421096;424466;427758;430962;434079
"35013 JABOTICABAL";392923;395802;398499;401087;403650;406200;408681;411081;413515;415996;418455;420731;423026;425303;427581;429909;432160;434325;436493;438608;440670;442674
"35014 RIBEIRAO PRETO";879672;899849;918729;936863;954800;972669;990030;1006839;1023883;1041262;1058491;1074418;1090500;1106444;1122393;1138715;1154464;1169644;1184826;1199647;1214085;1228115
"35015 BATATAIS";99598;100661;101654;102609;103555;104497;105410;106296;107193;108108;109016;109855;110702;111542;112382;113243;114072;114871;115669;116450;117211;117950
"35016 ANDRADINA";177188;178215;179174;180095;181006;181915;182796;183649;184516;185399;186275;187085;187902;188711;189521;190351;191153;191924;192695;193447;194182;194894
"35017 ARACATUBA";237751;240600;243267;245828;248361;250885;253338;255712;258119;260575;263007;265257;267528;269778;272031;274339;276562;278707;280849;282943;284984;286966
"35018 BIRIGUI";232278;235856;239206;242424;245606;248777;251858;254838;257862;260945;264001;266827;269680;272509;275337;278233;281028;283720;286413;289042;291604;294093
"35019 LINS";149453;151122;152684;154184;155667;157145;158583;159972;161381;162819;164244;165562;166891;168210;169529;170880;172181;173437;174694;175920;177114;178275
"35020 BAURU";523068;529022;534591;539941;545232;550502;555624;560584;565610;570734;575818;580516;585259;589961;594667;599482;604129;608607;613085;617458;621716;625854
"35021 JAU";316631;320965;325020;328916;332768;336609;340338;343950;347610;351344;355045;358467;361921;365345;368770;372279;375661;378923;382185;385368;388471;391484
"35022 AVARE";160856;163346;165674;167913;170123;172329;174470;176543;178648;180791;182917;184882;186865;188833;190800;192814;194757;196631;198502;200331;202112;203843
"35023 BOTUCATU";183641;186911;189970;192910;195817;198713;201525;204251;207013;209830;212621;215202;217809;220392;222979;225621;228174;230636;233096;235497;237837;240111
"35024 ARARAQUARA";455734;462396;468631;474614;480535;486436;492165;497716;503343;509076;514766;520024;525334;530597;535863;541250;546448;551460;556471;561366;566133;570762
"35025 SAO CARLOS";276809;281291;285486;289515;293500;297469;301326;305059;308846;312706;316534;320072;323646;327186;330731;334356;337855;341227;344599;347892;351099;354216
"35026 RIO CLARO";220897;224031;226963;229780;232566;235342;238038;240649;243296;245996;248671;251145;253643;256119;258596;261131;263577;265936;268293;270595;272838;275016
"35027 LIMEIRA";518616;527024;534893;542448;549924;557370;564605;571610;578712;585953;593133;599771;606473;613116;619762;626562;633128;639452;645779;651955;657972;663818
"35028 PIRACICABA";501839;509537;516741;523657;530501;537317;543940;550352;556854;563481;570055;576130;582265;588348;594433;600658;606669;612457;618249;623903;629410;634764
"35029 PIRASSUNUNGA";169104;171256;173269;175204;177116;179021;180873;182665;184483;186336;188173;189871;191587;193287;194988;196728;198407;200026;201646;203225;204766;206261
"35030 SAO JOAO DA BOA VISTA";402685;404600;406392;408113;409815;411513;413158;414757;416373;418023;419657;421170;422697;424211;425723;427269;428767;430208;431645;433052;434425;435755
"35031 MOJI MIRIM";345442;350752;355720;360492;365211;369915;374483;378907;383390;387965;392498;396689;400922;405115;409313;413607;417754;421748;425744;429645;433442;437135
"35032 CAMPINAS";2250187;2300604;2347792;2393106;2437927;2482581;2525962;2567970;2610560;2653983;2697039;2736839;2777028;2816865;2856722;2897504;2936871;2974799;3012738;3049775;3085855;3120911
"35033 AMPARO";164361;166511;168523;170453;172366;174269;176119;177909;179727;181577;183413;185110;186822;188521;190222;191961;193637;195254;196872;198452;199990;201485
"35034 DRACENA";110033;111052;112005;112922;113828;114733;115610;116457;117318;118196;119067;119871;120684;121490;122294;123120;123915;124684;125451;126198;126927;127636
"35035 ADAMANTINA";154305;155239;156116;156954;157786;158615;159420;160198;160989;161793;162592;163331;164077;164816;165553;166309;167042;167744;168448;169134;169804;170451
"35036 PRESIDENTE PRUDENTE";554215;558001;561542;564949;568310;571668;574929;578082;581280;584541;587774;590761;593783;596772;599768;602830;605786;608634;611482;614262;616976;619607
"35037 TUPA";110467;110699;110917;111128;111334;111539;111741;111934;112132;112333;112531;112715;112902;113084;113269;113459;113639;113814;113990;114159;114327;114489
"35038 MARILIA";315337;317959;320414;322771;325103;327428;329684;331870;334085;336345;338584;340656;342744;344818;346891;349014;351059;353036;355007;356935;358810;360637
"35039 ASSIS";251352;253512;255532;257473;259393;261305;263162;264963;266788;268646;270490;272195;273916;275622;277331;279077;280763;282385;284012;285597;287142;288645
"35040 OURINHOS";275663;278092;280368;282552;284711;286866;288955;290981;293035;295128;297202;299118;301058;302978;304901;306864;308762;310590;312419;314206;315943;317633
"35041 ITAPEVA";237148;238203;239192;240142;241080;242015;242922;243805;244695;245603;246507;247340;248182;249017;249853;250706;251531;252327;253119;253893;254651;255386
"35042 ITAPETININGA";166924;170252;173367;176358;179315;182263;185125;187898;190709;193576;196417;199045;201697;204326;206957;209648;212245;214750;217252;219698;222078;224393
"35043 TATUI";213865;219497;224769;229830;234837;239826;244672;249362;254121;258973;263782;268228;272718;277167;281619;286176;290573;294812;299048;303185;307215;311131
"35044 CAPAO BONITO";144567;143878;143233;142614;142001;141390;140797;140224;139641;139048;138459;137914;137366;136820;136278;135719;135181;134663;134144;133637;133146;132665
"35045 PIEDADE";181098;182552;183912;185218;186510;187799;189050;190259;191486;192741;193981;195129;196288;197436;198584;199760;200896;201988;203083;204149;205191;206201
"35046 SOROCABA";1145542;1169412;1191752;1213209;1234429;1255571;1276111;1295998;1316164;1336722;1357107;1375950;1394978;1413839;1432711;1452019;1470658;1488617;1506577;1524115;1541194;1557793
"35047 JUNDIAI";539698;552048;563602;574700;585679;596615;607239;617527;627958;638592;649138;658886;668728;678484;688246;698234;707875;717165;726456;735528;744363;752948
"35048 BRAGANCA PAULISTA";425568;435173;444160;452791;461331;469836;478099;486103;494215;502487;510687;518270;525924;533514;541106;548873;556371;563596;570823;577879;584752;591429
"35049 CAMPOS DO JORDAO";65735;66283;66797;67289;67776;68262;68734;69190;69653;70126;70594;71027;71464;71898;72330;72774;73202;73615;74027;74430;74821;75202
"35050 SAO JOSE DOS CAMPOS";1255706;1277707;1298299;1318072;1337630;1357117;1376048;1394381;1412964;1431913;1450702;1468069;1485607;1502992;1520384;1538180;1555358;1571911;1588465;1604628;1620372;1635670
"35051 GUARATINGUETA";380795;384343;387662;390850;394004;397148;400201;403157;406152;409208;412237;415037;417865;420669;423472;426342;429111;431782;434452;437056;439594;442060
"35052 BANANAL";25919;26034;26143;26245;26349;26451;26551;26647;26744;26844;26942;27032;27125;27217;27308;27401;27491;27578;27665;27749;27832;27913
"35053 PARAIBUNA/PARAITINGA";71771;71815;71856;71897;71935;71972;72012;72048;72085;72123;72160;72194;72230;72264;72299;72335;72368;72402;72435;72466;72499;72529
"35054 CARAGUATATUBA";228784;235562;241906;247998;254024;260027;265859;271507;277233;283071;288859;294210;299614;304968;310326;315810;321102;326202;331301;336281;341132;345844
"35055 REGISTRO";247417;247675;247918;248151;248381;248611;248836;249049;249269;249489;249712;249917;250123;250326;250531;250741;250945;251138;251332;251524;251708;251890
"35056 ITANHAEM";184676;189147;193329;197348;201321;205282;209127;212851;216628;220478;224295;227824;231387;234920;238454;242069;245559;248922;252286;255569;258770;261876
"35057 OSASCO";1627052;1648759;1669074;1688584;1707881;1727106;1745785;1763870;1782206;1800903;1819439;1836575;1853878;1871029;1888189;1905746;1922694;1939027;1955359;1971307;1986839;2001932
"35058 FRANCO DA ROCHA";380049;389629;398595;407206;415722;424208;432451;440433;448525;456776;464957;472520;480156;487726;495298;503048;510527;517735;524944;531982;538837;545499
"35059 GUARULHOS";1197243;1217998;1237422;1256075;1274526;1292908;1310765;1328058;1345590;1363465;1381189;1397573;1414116;1430516;1446923;1463711;1479915;1495529;1511146;1526392;1541244;1555676
"35060 ITAPECERICA DA SERRA";827161;847993;867488;886214;904733;923183;941109;958467;976063;994007;1011796;1028240;1044846;1061307;1077775;1094627;1110891;1126565;1142239;1157544;1172450;1186936
"35061 SAO PAULO";13023951;13151196;13270279;13384639;13497754;13610449;13719935;13825952;13933434;14043024;14151684;14252130;14353551;14454094;14554685;14657605;14756951;14852679;14948420;15041894;15132944;15221420
"35062 MOGI DAS CRUZES";1151745;1174056;1194936;1214986;1234819;1254581;1273775;1292365;1311212;1330426;1349477;1367088;1384871;1402502;1420137;1438182;1455602;1472388;1489173;1505563;1521528;1537041
"35063 SANTOS";1342498;1361168;1378643;1395422;1412020;1428557;1444621;1460177;1475948;1492027;1507972;1522712;1537592;1552345;1567103;1582206;1596785;1610831;1624879;1638595;1651955;1664936
"17001 BICO DO PAPAGAIO";179182;181418;183613;185828;187995;190164;192370;194471;196530;198581;200563;202335;204091;205786;207498;209242;210865;212490;214202;215893;217560;219201
"17002 ARAGUAINA";235816;240926;245941;250990;255950;260901;265943;270750;275446;280132;284660;288709;292722;296595;300504;304484;308201;311901;315817;319685;323491;327240
"17003 MIRACEMA DO TOCANTINS";139989;140547;141096;141648;142192;142735;143285;143813;144326;144838;145334;145778;146217;146640;147067;147503;147910;148316;148745;149165;149583;149994
"17004 RIO FORMOSO";105386;106755;108101;109454;110785;112111;113462;114750;116009;117266;118481;119568;120641;121680;122728;123795;124794;125783;126836;127871;128892;129898
"17005 GURUPI";125325;126875;128398;129930;131434;132938;134465;135925;137350;138773;140147;141375;142590;143768;144956;146162;147290;148413;149602;150776;151930;153069
"17006 PORTO NACIONAL";224874;235839;246605;257444;268090;278716;289534;299850;309933;319993;329710;338401;347009;355327;363720;372259;380236;388181;396590;404882;413057;421098
"17007 JALAPAO";64083;65063;66027;66997;67949;68900;69868;70790;71691;72591;73461;74240;75007;75755;76503;77266;77980;78692;79443;80184;80915;81635
"17008 DIANOPOLIS";115364;115916;116457;117002;117537;118071;118616;119132;119639;120142;120633;121072;121502;121923;122342;122771;123172;123574;123994;124410;124820;125228
"Total";173765726;176208646;178499255;180708344;182865043;184991143;187061610;189038268;191010274;192980905;194890682;196603732;198314934;200004188;201717541;203475683;205156587;206804741;208494900;210147125;211755692;213317639